Date,Tweet
2015-08-18,RT : SHORT Seller Alert AGFS - AGROFRESH SOLUTIONS   ~ via
2015-11-11,AGFS steady accumulation
2016-02-10,RT : AgroFresh appoints Marc Lasry to  as Independent Director  AGFS  â€¦
2016-03-01,clayton: AGFS 4.89 Agrofresh Solutions Inc AGFS added to
2016-03-23,"AgroFresh Solutions Inc AGFS Director Buys 20,230.00 in Stock"
2016-03-27,"JNPR Volume
See Here ---&gt; 

JNPR AGFS IDI"
2016-03-30,"AMCN Open
See Here ---&gt; 

AMCN FRAN AGFS"
2016-03-30,"AMCN Open
See Here ---&gt; 

AMCN FRAN AGFS"
