Date,Tweet
2014-01-02,"RT : Impressive data from AMGN and UCB with romosozumab (anti-sclerostin) in osteoporosis, published today in :"
2014-01-08,RT : UBS Key events: CELG GILD BIIB AMGN REGN
2014-01-08,XNCR is eligible for up to 1.3B milestone paymts from partnerships w MOR AMGN ALXN JNJ CSL.AX MRK BI[Wedbush]
2014-01-08,S&amp;P100  Trend C MDT EMC CMCSA AMGN JNJ PEP GOOG OXY UNH BAC PFE APC USB WAG APA QCOM  @
2014-01-09,"AMGN - Amgen Vs. Merck, Lilly In Osteoporosis Competition -&gt;"
2014-01-15,RT : Few companies generate cash flow as effectively and consistently as Amgen  AMGN
2014-01-22,RT : New  in XLV IWM &amp; GOOG AMZN FB GILD BA UTX AMGN BIIB PCLN ESRX ACN LMT DTV CRM GD ACT SYK …
2014-01-23,Cowen names its top biotech stocks with bigge... AMGN BIIB NKTR ACOR BMRN CELG CMRX DVAX IMGN PTLA
2014-01-26,Benzinga Weekly Preview: Tech Sector To Steal The Spotlight AAL AAPL AMGN
2014-01-27,AMGN chart by TamirHa:  AMGN.
2014-01-28,RT : Amgen's fourth-quarter results include Onyx acquisition. AMGN
2014-01-28,RT : T AMGN VMW YHOO ACE ILMN BXP EA HA Notable companies reporting after market close: Full Story
2014-01-28,"AMGN - Markets challenge Fed, Apple gets sauced -&gt;"
2014-01-29,"Finstats big data system S&amp;P 500 put selling report (01/28/2014)
AAPL AMGN COH DD PFE"
2014-01-29,RGN/ SNY/ AMGN / PFE all want antiPCSK9 Treatment - PFE needs it the most and has hired halo to help make it happen.
2014-01-31,Amgen outpaces its rivals in the race for a PCSK9 blockbuster  by  AMGN
2014-02-04,RT : 3 reasons for biotech stock advance to continue  IBB XBI GILD BIIB AMGN CELG REGN
2014-02-12,"AMGN - Illumina, Alexion Lead 4 Big Caps Drawing Big Buyers -&gt;"
2014-02-12,Earnings news on AMGN MDVN HTS  NUAN I suggest
2014-02-12,S&amp;P100  Trend ABBV CAT AIG BMY ABT MSFT QCOM C LMT OXY TWX BAX GILD FCX NOV AMGN NKE  @
2014-02-18,Todays Stocks to Watch CL AMGN FSL  CBM Try this
2014-02-18,"CELG, AMGN: Bernstein 2014 Myeloma Survey Progress By Revlimid and More to Come From Duration, Penetration - Part 1"
2014-02-18,Watchlist. Find out why AMGN RBC HE  DO Goto
2014-02-21,Don't Underestimate Amgen: Part 2B  AZN LLY MRK AMGN
2014-02-21,Research on WFC AMGN STEI ARIA  USD
2014-02-26,GXP Is it breakout time on FULT AMGN GAIN
2014-03-02,Todays movers to research XEC AMGN GRMN  SPY Try this
2014-03-04,JLL Todays Stocks to Watch DRC AMGN AAPL Must see
2014-03-05,SNI Bearish on these  CF AMGN DUST I suggest
2014-03-07,RT : This is the PCSK9 neurocognitive AE disclosure in SNY 20-F REGN AMGN PFE
2014-03-11,AMGN Bayers Nexavar misses target in liver cancer trial
2014-03-12,AMGN - Bright Outlook at Ligand -&gt;
2014-03-12,"AMGN - Amgen Names David Piacquad Senior Vice President, Business Development -&gt;"
2014-03-12,"""amnesia and memory/mental impairment were reported uncommonly (in less than or equal to 1% of patients in any group.""
AMGN"
2014-03-17,RT : AMGN Announces Positive Top-Line Results From Ph. 3 TESLA Trial Of Evolocumab (AMG 145)
2014-03-18,AMGN Gilead Sciences: At Least Managements Feeling Optimistic
2014-03-18,"AMGN: 6 open, suited signals indicate continued price increase for about 6 more days."
2014-03-21,AMGN Andrew Hessels Autodesk Team Seeks Crowdsourced Cancer Cure
2014-03-21,AMGN Celgene wins US approval for pill to treat psoriatic arthritis
2014-03-24,"RT : News Analysis: Amgen, Regeneron push for a genetic renaissance in drug discovery  AMGN REGN"
2014-03-25,"GILD, BIIB, CELG, AMGN, RGEN: top ten holdings of Samuel Isaly, Orbimed Advisors, and also top consensus biotech picks of hedge funds."
2014-03-27,This weeks Stocks you should Watch CL AMGN FBHS  CADX
2014-03-27,"AMGN Amgen: Overlooked, Worth Buying, Morgan Stanley Says"
2014-03-28,AMGN Encouraging Data on Pfizer Cholesterol Drug
2014-03-30,AMGN - Data From Phase 3 Pivotal Studies Show Amgen's Novel Investigational Cholesterol-Lowering Medication
2014-03-30,AMGN RUTHERFORD-2 (HeFH) data are pretty strong
2014-03-30,RT : Good PCSK9 data from SNY/REGN &amp; AMGN at ACC today. This stuff definitely lowers cholesterol. Questions are now comm…
2014-03-30,RT : Good PCSK9 data from SNY/REGN &amp; AMGN at ACC today. This stuff definitely lowers cholesterol. Questions are now comm…
2014-03-31,"AMGN Amgen, McDermott International, Bank of America, Wells Fargo and McGraw Hill Financial highlighted as Zacks Bull and Bear of the..."
2014-03-31,"RT : Pic of AMGN's ""pager-sized"" 1/mo PCSK9 injection device. Sticks to skin &amp; (no info on volume/duration of injection) h…"
2014-03-31,"RT : Pic of AMGN's ""pager-sized"" 1/mo PCSK9 injection device. Sticks to skin &amp; (no info on volume/duration of injection) h…"
2014-04-03,Avoid mistakes like DRC AMGN KRO  IR Try this
2014-04-03,Rotation out of biotech continues IBB ILMN CELG REGN AMGN BIIB
2014-04-07,RT : Pfizer drug helps stop progression of breast cancer PFE AMGN
2014-04-07,RT : Intense pro investor interest in PFE palbo (royalty to AMGN). 300 people on my webinar today. Remember: best data EV…
2014-04-07,RT : Intense pro investor interest in PFE palbo (royalty to AMGN). 300 people on my webinar today. Remember: best data EV…
2014-04-07,RT : Intense pro investor interest in PFE palbo (royalty to AMGN). 300 people on my webinar today. Remember: best data EV…
2014-04-07,RT : Intense pro investor interest in PFE palbo (royalty to AMGN). 300 people on my webinar today. Remember: best data EV…
2014-04-07,RT : Intense pro investor interest in PFE palbo (royalty to AMGN). 300 people on my webinar today. Remember: best data EV…
2014-04-08,RT : Intense pro investor interest in PFE palbo (royalty to AMGN). 300 people on my webinar today. Remember: best data EV…
2014-04-08,RT : Intense pro investor interest in PFE palbo (royalty to AMGN). 300 people on my webinar today. Remember: best data EV…
2014-04-08,RT : Intense pro investor interest in PFE palbo (royalty to AMGN). 300 people on my webinar today. Remember: best data EV…
2014-04-10,AMGN Rainbow Coral and Nano3D Biosciences Seek New Finance Partners for ...
2014-04-11,AMGN  you might want to buy RNR TMO  SLW Worth a look
2014-04-11,"Commented on StockTwits: Yep, things like CELG GILD AMGN ...falling 4-7% in a day? Wrong, plain, wrong."
2014-04-12,AMGN Encouraging Results on Gileads Sovaldi
2014-04-14,Are you looking to buy APH AMGN URI  AAPL
2014-04-16,AMGN Dynavax Starts Phase III Study on Heplisav-B
2014-04-17,Would you like great research on stocks AMGN CCL FLO  GRPN Give it a try
2014-04-20,Avoid mistakes like FTI MTB AMGN ABX Check out
2014-04-21,"CELG is a compelling CHEAP growth stock that would be accretive to AZN, PFE, NVS, JNJ GILD AMGN"
2014-04-22,RT : EARNINGS ALERT: Amgen Q1 EPS 1.87 ex-items vs. 1.94 Est.; Q1 Revs. 4.52B vs. 4.76B Est. • AMGN QUOTE:
2014-04-22,"“: Wait for the Kyprolis miss RT : AMGN miss, frowny face.”//not god for LGND WHO gets royalty 4 kyprolis"
2014-04-22,AMGN misses the Estimize EPS Consensus by 9c and the Estimize Revenue Consensus by 248.58M -
2014-04-22,"RT : IBB up 3% ahead of a bonanza of health, biotech earnings GILD ISRG AMGN"
2014-04-22,Small-cap stocks breaking 52-wk high prices FTI IVZ AMGN GRPN
2014-04-23,Strong long AMGN Erős Vételben az Amgen - Emelkedés | AMGN -Amgen
2014-04-23,"THEFLYNEWS:AMGN Amgen weakness a buying opportunity, says Cowen: Full Story"
2014-04-23,RT : TEVA AMGN example of one provider planning switch to Granix -
2014-04-23,cashed in AMGN short into earns. bye
2014-04-23,Отчеты /  / VMW   CREE   GILD   IRBT   AMGN   CBST   BEAV   TMO  ..
2014-04-23,Amgen's outperform rating reiterated at Zacks. 143.00 PT.  AMGN
2014-04-24,AMGN: This company just had the best new drug launch of all-time
2014-04-25,Are you looking for winners like UNM AMGN DOX  CHTP
2014-04-25,RT : ABBV beats Humira. But AMGN missed Enbrel earlier this week and partially blamed weather. Did weather only impact A…
2014-04-25,RT : ABBV beats Humira. But AMGN missed Enbrel earlier this week and partially blamed weather. Did weather only impact A…
2014-04-26,RT : ABBV beats Humira. But AMGN missed Enbrel earlier this week and partially blamed weather. Did weather only impact A…
2014-04-26,RT : ABBV beats Humira. But AMGN missed Enbrel earlier this week and partially blamed weather. Did weather only impact A…
2014-04-26,Are you looking for winners like GMT AMGN LVS  LIVE Worth a look
2014-04-26,AMGN Get research on NTAP OHI  DUST Check out
2014-04-30,Are you hanging on to TSLA AMGN HII  TSLA Visit
2014-05-01,IBB Who is leading it?  GILD up a little....AMGN down a little...
2014-05-02,Look at AMGN's Tvec data. OS improvement was not significant and Tvec directly kills tumor cells AND makes GM-CSF.
2014-05-02,Could be breaktout time on AMGN RIG AMG  CAG I suggest
2014-05-02,Top  today. Find out why. GWW DATA AMGN CBM Goto
2014-05-05,AMGN Seeking the next hot  GRMN WWAV  BLOX
2014-05-07,Get Free research on PDCO GPS AMGN SLW
2014-05-07,AMGN Great  Newsletter on ARIA IRM  PCLN
2014-05-09,AMGN: Amgen-AstraZeneca Experimental Medicine Eases Psoriasis
2014-05-12,RT : AMGN was visiting institutional investors in NYC last week . . . and stock was down. Ugh.
2014-05-12,RT : AMGN was visiting institutional investors in NYC last week . . . and stock was down. Ugh.
2014-05-12,RT : AMGN was visiting institutional investors in NYC last week . . . and stock was down. Ugh.
2014-05-12,RT : AMGN was visiting institutional investors in NYC last week . . . and stock was down. Ugh.
2014-05-12,RT : AMGN was visiting institutional investors in NYC last week . . . and stock was down. Ugh.
2014-05-12,-1:  met all primary + secondary endpoints in moderate-to-severe plaque  AZN AMGN
2014-05-13,RT : AMGN was visiting institutional investors in NYC last week . . . and stock was down. Ugh.
2014-05-13,RT : AMGN was visiting institutional investors in NYC last week . . . and stock was down. Ugh.
2014-05-13,RT : AMGN was visiting institutional investors in NYC last week . . . and stock was down. Ugh.
2014-05-13,RT : AMGN was visiting institutional investors in NYC last week . . . and stock was down. Ugh.
2014-05-13,RT : AMGN was visiting institutional investors in NYC last week . . . and stock was down. Ugh.
2014-05-16,"AMGEN : Submission of Matters to a Vote of Security Holders, Financial Statements and Exhibits (form 8-K)  AMGN"
2014-05-16,"AMGN - AMGEN INC Files SEC form 8-K, Submission of Matters to a Vote of Secur... -&gt;"
2014-05-17,Latest  information on  like FITB CF AMGN GRPN Try this
2014-05-17,AMGN Amgen Tour Spins Into Valleys
2014-05-19,Looking for research on LXK AMGN MDVN  BWP
2014-05-19,"This week's write up, looking at ES_F, NQ_F, BIIB, FB, AAPL, AMGN, VZ, MON, PX, UPS"
2014-05-22,Looking for the next TIF AMGN URI  PCLN I suggest
2014-05-22,This weeks Stocks you should Watch SWK AMGN CPT  SLW I suggest
2014-05-24,AMGN Medical Cos. Escape FCA Kickback Suit Over Amgen Drug
2014-05-27,"RT : American Express, Nextera, And Canadian Banks Lead Best Value Bond Trades  AMGN BHP BMO CM CNC…"
2014-05-30,Are you hanging on to DHI CVI AMGN CADX
2014-05-31,you might want to sell GE AMGN KEX  TRLA
2014-05-31,Get  Research on OI VAR AMGN BWP
2014-06-01,UHS  Watchlist. Dont be left behind MAT AMGN CAG
2014-06-02,Discussant of intra-lesional melanoma therapy posters said future studies must combine w/ PD-1s to be relevant. AMGN PVCT
2014-06-02,Amgen AMGN Showing Resistance Near 117.40 (  )
2014-06-02,AMGN Amgen Presents New Data On Talimogene Laherparepvec As Single Agent And Combination Therapy In Metastatic Melanoma At ASCO...
2014-06-02,PDCO Seeking the next stock like LXK AMGN AAPL
2014-06-03,you might want to buy CLI AMGN K  FB
2014-06-03,Here are some Stocks to Watch CLX AMGN LEN  FB Check out
2014-06-03,RT :   AMGN Amgen  Daily:0.40% Weekly:1.85% YTD:2.6% Trend:80 / 100
2014-06-07,you might want to sell URS AMGN WLL  OPK
2014-06-10,AMGN Earnings news on KEX PKI  RT
2014-06-10,Should you hold or add to  FNFG AMGN EAT  LGND
2014-06-10,"AMGEN : Change in Directors or Principal Officers, Financial Statements and Exhibits (form 8-K)  AMGN"
2014-06-10,AMGN 4:16 pm Amgen appoints David W. Meline Executive Vice President and Chief Financial Officer
2014-06-14,Free research on CREE AMGN DOX  GOGO
2014-06-18,"AMGN - Amgen, beautiful cup n handle"
2014-06-19,Did you lose money on BA WIN AMGN BLOX
2014-06-19,This weeks Stocks you should Watch HON XEC AMGN S
2014-06-20,AMGN cup&amp;handle AMGN
2014-06-20,"Commented on StockTwits: "": AMGN Trying to curl back up. Keep it on the radar for possible break out..."
2014-06-21,Trending: CONE SBUX MSLI AMGN FUBC COVS HBANP MCHX CPRT SIVBO INTG FFIV TCX CLACU CNSL SGC SC
2014-06-23,Weekly S&amp;P100  Trend FDX LLY AMGN MO CVX HAL COF KO AEP NSC PM UNH COP JNJ ABT EMR NOV @
2014-06-27,It could be breaktout time on CVI AMGN K  GRPN View now
2014-06-30,AMGN Whats going on with LSI SPW  AMZN
2014-07-01,"RT : Angling for early OK, Amgen wins 'breakthrough' title for leukemia drug blinatumomab - AMGN -"
2014-07-01,Regretting your investment in AMGN MHFI OSK  CAG Try this
2014-07-01,Todays movers to research TIF AMGN GOOG  ISRG Try this
2014-07-01,RT : AMGN Receives FDA Breakthrough Therapy Designation For Investigational CD3xCD19 BiTE Ab Blinatumomab In Ph- r/r ALL
2014-07-02,AMGN - Statement of Changes in Beneficial Ownership (4)
2014-07-02,UHS Earnings news on I AMGN WTW View now
2014-07-02,Avoid mistakes like ROST THRX AMGN CBM Worth a look
2014-07-02,Bearish or Bullish on these  FDX AMGN AMT  EPZM
2014-07-02,Are you looking for more winners like IACI MAT AMGN S
2014-07-03,AMGN Free research on CVD MOLX  RT
2014-07-04,PX Are you Investing in HES AMGN RT Must have RATE_LIMIT_EXCEEDED
2014-07-04,Are you Investing in DRC AMGN KRFT  AAPL
2014-07-05,AMGN Todays Stocks you should Watch EXC EXP  BWP
2014-07-06,Buy or sell? STJ AMGN AME  CADX
2014-07-10,MS Vintage Values for 2015: ABT AXP AAPL AMGN CP ETN HES LB MGA MA MON NKE XL
2014-07-11,AMGN   research LKQ OC  IR Visit
2014-07-13,Todays movers to research AMGN MAA IRM  FEYE Try this
2014-07-14,BA Wow. Great   on L AMGN DO Goto
2014-07-15,"RT : After  sounds the alarm on small  &amp;  stocks, even giants like FB, AMGN head south:"
2014-07-15,NSM Are you looking for winners like HCC AMGN ARNA
2014-07-16,THC Here are some Stocks to Watch PHM AMGN BLOX
2014-07-17,BTU Seeking the next stock like BK AMGN GOGO  RATE_LIMIT_EXCEEDED
2014-07-17,Are you considering buying HES AMGN AKAM  ABX
2014-07-18,RT : ForbesLetter To Yellen-current Biotech PEs in-line with historical&amp;80%&lt; peak IBB NBI XBI CELG GILD BIIB AMGN
2014-07-20,AMGN Todays Stocks you should Watch AFL FIS  RAX
2014-07-23,AMGN Stocks to Watch this week CHRW CVA  CRAY  RATE_LIMIT_EXCEEDED
2014-07-24,Couple of Stocks you should Watch AMGN BF FDO  IBM
2014-07-24,AMGN: News Summary: Amgen Q4 net jumps on higher sales
2014-07-24,AMGN It could be breaktout time on MRK FLO  RT
2014-07-24,AMGN Are you Bullish on these  TAHO SPW  CRAY View now
2014-07-25,Are you thinking of selling URS AMGN CSE  LIVE
2014-07-26,RT : Earnings Tuesday ACI AFL AKS AMGN ANAD APC BP BWLD BYD COH ETN GLW IP NEW NOV OI PCAR PNRA TWTR UBS UPS X
2014-07-26,"July 25, 2014 RS Movers  IHI FDN IYC MLNX PXD VRSN RHT LNKD DGX AMGN EMN CTSH ETFC NEM"
2014-07-28,AMGN - Why the Fed could start raising rates sooner than you think -&gt;
2014-07-29,"I'll take companies reporting earnings that start with A for 800, Alex. TWTR may get most attention. But don't forget AFL AXP AMGN AMP"
2014-07-29,"Listen to AMGN Q2 2014 earnings call - live at 05:00 PM, ondemand after -"
2014-07-29,Amgen ups guidance after Q2 results  AMGN
2014-07-29,AMGN earnings were very strong and beat the street numbers.  Plus they raised guidance.  Raised stop to 120.
2014-07-29,AMGN break of 128.40 then 150 next
2014-07-30,watch for AMGN
2014-07-30,"AMGN - Amgen, Regeneron rise as health-care companies see strong earnings -&gt;"
2014-07-30,Amgen : Declares Dividend   AMGN
2014-07-30,AMGN 130.81 +7.50 new high
2014-07-31,"nlightn: AMGN,...Amgen to lay off up to 2,900 workers - nlightn"
2014-08-01,RT : ViewPoints: Amgen puts its money where its mouth is in backing its next wave of new launches  AMGN …
2014-08-02,Insider Trading updates on MRC AMGN AOL  USD Try this
2014-08-03,Are you looking to buy HBI AMGN N  SLW Give it a try
2014-08-03,Looking for the next YUM AMGN EAT  FB Goto
2014-08-04,"AMGN ASPIRE results wow, but they didn't spend much time about a smart way to form the trial name (4 middle letters, 2 initial letters)"
2014-08-04,jim50: AMGN Current Price Date=Aug-01-2014 Open=126.17
2014-08-11,"Some stocks for today: DLR, EBAY, UA, AMGN, AAL, ALK, R, AKAM - Quick and dirty. This is not yet a buy and hold market."
2014-08-13,“: AMGN says FOCUS trial of Kyprolis didn't meet primary endpoint of improving overall survival in multiple myeloma/LGND
2014-08-13,AMGN FOCUS fails
2014-08-14,USA-Les valeurs à suivre à Wall Street  APP CSCO NTAP AMGN GOOGL
2014-08-14,AMGN - MARKET SNAPSHOT: U.S. Stocks: Futures Edge Up With Wal-Mart Results On Deck
2014-08-14,"RT : AMGN has a double dose of bad news for investors, causing shares to drop 2% after the close:"
2014-08-14,Earnings news on CLI AMGN TGT  LIVE View now
2014-08-14,"RT : AMGN has a double dose of bad news for investors, causing shares to drop 2% after the close:"
2014-08-15,S&amp;P500  Trend NTAP AMGN KSS TAP DAL ALXN MHK KMI VLO GILD SEE WY AMZN PCP MAS BA LUV  @
2014-08-19,RT : Amgen successfully hits another PhIII goal line with kidney dialysis drug - AMGN -  by
2014-08-21,"AMGN Summary 

Also See: CMG FXI F UGAZ ~"
2014-08-21,"With healthcare continuing to grow, then which stocks would be a good investment? PFE AGN GILD AMGN JNJ MRK"
2014-08-27,bobirw: Cover 500 AMGN at 137.35 +.04: bobirw
2014-08-28,RT : AMGN Amgen Announces Positive Top-Line Results From Phase 3 YUKAWA-2 Trial Of Evolocumab In Combinati..
2014-08-29,DennyT: FCEL Nasdaq FCEL OTIV AMGN HND.TO HZNP
2014-08-29,DennyT: FCEL Nasdaq FCEL OTIV AMGN HND.TO HZNP
2014-08-30,RT : New Novartis Drug Shows Striking Efficacy in Treating Heart Failure..  AMGN
2014-09-01,Weekly S&amp;P100  Performance AMGN GILD UNH EXC HPQ NOV HD APC MS VZ AMZN AEP MET GS  more@
2014-09-01,RT : next sector to blow?? nug stocks like ERBB SLNX TRTC HEMP gold stocks NWGC GOLD..Bio-tech Nasdaq EXAS AMGN UTH…
2014-09-01,RT : next sector to blow?? nug stocks like ERBB SLNX TRTC HEMP gold stocks NWGC GOLD..Bio-tech Nasdaq EXAS AMGN UTH…
2014-09-01,RT : next sector to blow?? nug stocks like ERBB SLNX TRTC HEMP gold stocks NWGC GOLD..Bio-tech Nasdaq EXAS AMGN UTH…
2014-09-01,RT : next sector to blow?? nug stocks like ERBB SLNX TRTC HEMP gold stocks NWGC GOLD..Bio-tech Nasdaq EXAS AMGN UTH…
2014-09-01,RT : next sector to blow?? nug stocks like ERBB SLNX TRTC HEMP gold stocks NWGC GOLD..Bio-tech Nasdaq EXAS AMGN UTH…
2014-09-01,RT : next sector to blow?? nug stocks like ERBB SLNX TRTC HEMP gold stocks NWGC GOLD..Bio-tech Nasdaq EXAS AMGN UTH…
2014-09-01,RT : next sector to blow?? nug stocks like ERBB SLNX TRTC HEMP gold stocks NWGC GOLD..Bio-tech Nasdaq EXAS AMGN UTH…
2014-09-01,RT : next sector to blow?? nug stocks like ERBB SLNX TRTC HEMP gold stocks NWGC GOLD..Bio-tech Nasdaq EXAS AMGN UTH…
2014-09-01,RT : next sector to blow?? nug stocks like ERBB SLNX TRTC HEMP gold stocks NWGC GOLD..Bio-tech Nasdaq EXAS AMGN UTH…
2014-09-01,RT : next sector to blow?? nug stocks like ERBB SLNX TRTC HEMP gold stocks NWGC GOLD..Bio-tech Nasdaq EXAS AMGN UTH…
2014-09-01,RT : next sector to blow?? nug stocks like ERBB SLNX TRTC HEMP gold stocks NWGC GOLD..Bio-tech Nasdaq EXAS AMGN UTH…
2014-09-01,RT : REGN SNY AMGN PFE  -&gt; : SocGen on alirocumab Odyssey data at
2014-09-01,RT : next sector to blow?? nug stocks like ERBB SLNX TRTC HEMP gold stocks NWGC GOLD..Bio-tech Nasdaq EXAS AMGN UTH…
2014-09-01,RT : next sector to blow?? nug stocks like ERBB SLNX TRTC HEMP gold stocks NWGC GOLD..Bio-tech Nasdaq EXAS AMGN UTH…
2014-09-01,RT : next sector to blow?? nug stocks like ERBB SLNX TRTC HEMP gold stocks NWGC GOLD..Bio-tech Nasdaq EXAS AMGN UTH…
2014-09-01,RT : next sector to blow?? nug stocks like ERBB SLNX TRTC HEMP gold stocks NWGC GOLD..Bio-tech Nasdaq EXAS AMGN UTH…
2014-09-01,RT : next sector to blow?? nug stocks like ERBB SLNX TRTC HEMP gold stocks NWGC GOLD..Bio-tech Nasdaq EXAS AMGN UTH…
2014-09-02,UTHR HOV GE AMGN DIS EXEL EXAS NVS MC BAC
2014-09-02,S&amp;P100  Trend NSC LLY VZ T CVX SO NOV DVN EXC UNH AEP AMGN MSFT GS APC AAPL F GILD  @
2014-09-03,"Average Tax Rate Largest US  : 
-2004: 34.8%
-2013: 16.9%
AMGN GILD CELG BIIB"
2014-09-08,AMGN 137.88 | PT boost to 150 (from 135) -RBC Capital
2014-09-08,"FB Company Info 

Also See: SOL T AMGN SWKS ~"
2014-09-08,Amgen upgraded by Zacks to outperform. 165.00 PT.  AMGN
2014-09-09,"GPRO Stock Message Board 

Also See: AMGN DISH MCK UGAZ ~"
2014-09-10,DennyT: EXTR Bloomberg EXTR XOM EEM AMGN F Buy or
2014-09-14,"AMGN Investopedia AMGN BEAT XNRG IYT TIP Buy or Sell Opinion,Volume,Close,Headlines,keeping this on watch"
2014-09-15,ACHN Stock Chart ACHN Most recent stock chart and technical analysis. SLV HYG BBRY ALNY AMGN SBUX http
2014-09-16,AMGN:US 16Sep Positive News
2014-09-22,"SECRET Penny Stock Pick, Coming Today! Platinum Members Once Saw it Gain 81% In One Day:  CMCSA INTC AMGN"
2014-10-05,"BAC Ex-Div Date

Click Here: 

Also See: CBS NSAV VALE AMGN ~"
2014-10-05,"AMGN Financials

Click Here: 

Also See: BLTA BAC TECO TWO ~"
2014-10-07,RT : What Seattle Needs (Part 2): Dealing With Amgen’s Upcoming Departure   by Stewart Lyman AMGN …
2014-10-10,AMGN looks good too currently holding the 50 day
2014-10-12,"AMGN Stock Message Board

Click Here: 

Also See: XLI MDVN IBB AA ~"
2014-10-14,"via  SHORT Seller Alert AMGN - Amgen, Inc."
2014-10-21,All Time New Highs Today: AMGN UNH NKE REGN CSX CCI SHW LB ORLY MNST GPC JWN
2014-10-21,Movers and Shakers: Trading on Major News: SPLS SUNE TRN TXN CNL GCI VFC SAP NLNK NCR IBM SHOR VRX BTU AMGN
2014-10-22,"RT : Amgen investor Third Point urges company to evaluate a break-up 
AMGN"
2014-10-23,"FINAL TRADE: Your first trade for Thursday, Oct. 23  HD HYG MRK AMGN"
2014-10-24,I look at it as -FINALLY - a deal may be coming &amp; HALO needs some Gravitas on its side of legal table- look for AMGN atty
2014-10-25,"AMGN Since last ER, stock gained 16%. Will it continue aftr ER on 10/27 After Close?"
2014-10-27,"AMGN News: ""Amgen Beats Q3 Earnings Estimates AMGN …""  Board view:"
2014-10-27,RT : Next Week in Weeklys – 10/27/2014  MRK STX AMGN UHS HIG report Monday - dozens more reporting next wee…
2014-10-27,AMGN up +0.9% in AH trading after reporting profit tops Wall Street expectations; raises 2014 forecast.
2014-10-28,Suppose that aligns with AMGN's interest in asthma and its IL-33 programme.
2014-10-29,Partner Jet PJT.V reports Q3 results. 146% revenue growth trailing P/E of 6.4 forward P/E 3.8. AMGN investors read:
2014-10-29,"Trendsetters: GGP, USNA, UNH, EIX, NAVI, ADP, O, KIM, ZMH, AAPL, UNH, BXP, NOC, TE, LMT, AMGN, LB, DFT, ADP ....."
2014-10-31,"AMGN ABBV AFMD AZN LLY MGNX XNCR

: Bi-spec Abs rise again"
2014-11-02,RT : Movers and Shakers: Recently Upgraded: WFT ALU AA DOW AMGN MDLZ FB YHOO JCP KEY HST EGO S AKS BAC
2014-11-05,"Amgen’s ovarian cancer treatment, trebananib, failed to significantly improve survival rates -  AMGN"
2014-11-07,"Amgen To Present At The Credit Suisse Annual Healthcare Conference
[PR Newswire] - THOUSAND OAKS, Calif., No  AMGN"
2014-11-24,Did you lose money on XEL L AMGN CSIQ
2014-11-24,"Holiday Fever Takes Hold Of Stock Investors, But A Pullback Is Needed  ACT AGN AMGN BBH BHI CELG HAL IDU"
2014-11-24,RT : Amgen ends studies of rilotumumab in advanced gastric  after patient deaths  AMGN
2014-11-25,AMGN:US  Amgen Terminates Clinical Studies Of Rilotumumab In Advanced Gastric Cancer  INC
2014-11-25,Market Reports you need on  ATR FDX AMGN AMZN I suggest
2014-11-25,RT : Pharmalot.. Pharmalittle.. Good Morning.. headlines as a holiday break nears..   AMGN AZN …
2014-11-26,Our Penny Stock Pick On STTK Gained 171% And Closed up Over 85%! Huge News:  CMCSA INTC AMGN
2014-11-26,Looking for research on TYC CF AMGN S Must have
2014-11-26,&lt;-- New 'Spikeability' DVD Tim Sykes! Pre-Sale 50% off! USB KN NBL CAT SSRI GS CST AMGN ANIP ADBE
2014-11-27,Find out  the latest on PDCO ESRX AMGN AMZN
2014-11-27,ELED is breaking out of bullish flag pattern today.  Could be a big couple days here.  AMGN AU ACI ANV
2014-12-01,Amgen Hits New 52-Week High at 167.37 AMGN
2014-12-03,AMGN Blincyto FDA accelerated app'l on P2 r/r adult ALL trial; 1' endpt=CR+CRh* rate (43%; mOS 6.1mo at )
2014-12-03,Nasdaq100  Performance TRIP BIIB ALXN NFLX REGN STX MXIM QCOM VRTX MU AMGN GILD SPLS  more@
2014-12-03,AMGN - FDA Approves BLINCYTO™ (Blinatumomab) Immunotherapy for the Treatment of Relapsed or Refractory
2014-12-04,"RT : ICYMI: ASH Preview: CELG, AMGN, PD-1, CD-38, AGIO, EPZM and more -  by  …"
2014-12-07,"Neurotox also seen with Blincyto AMGN, possibly CD19 targeting effect (June) NVS"
2014-12-08,"AMGN New Trial Initiated Evaluating Amgen's Talimogene Laherparepvec In Combination With Merck's Anti-PD-1 T
From our Stock News Alerts App"
2014-12-13,Best research on  such s ATK AMGN ARIA  AAPL Give it a try
2014-12-16,UHS   research DNKN AMGN IGN
2014-12-16,Find out  the latest on EV AMGN HAS  S
2014-12-17,BABA Alibaba Group Holding Ltd. (BABA) 107.79 +2.02 (+1.91%) FNMA AMGN TNA
2014-12-17,I banked over 200% in gains during my 14-day trial with   Their 5 guru traders are amazing.  AMGN AU ACI ANV
2014-12-17,Bad  like got you down CA SWK AMGN SSO Goto
2014-12-18,"RT : Amgen prices leukemia drug Blincyto at 178,000  
AMGN"
2014-12-19,Are you thinking of Investing in L AMGN AFL  NUAN
2014-12-19,"AMGN Reviews Updated Thursday, December 18, 2014 9:07:36 PM EWW SMN CORN AMD"
2014-12-22,RT : ALDR not too affected by today's pricing war news. CGRP migraine competition from TEVA LLY and AMGN
2014-12-22,RT : Drug Price War Takes Pharma Back To The Future  ABBV GILD ESRX REGN AMGN
2014-12-22,RT : Drug Price War Takes Pharma Back To The Future  ABBV GILD ESRX REGN AMGN
2014-12-23,Thanks to the pros at  for the TINO swing trade idea. Up 45% so far.  AMGN AU ACI ANV
2014-12-23,RT : Drug Price War Takes Pharma Back To The Future  ABBV GILD ESRX REGN AMGN
2014-12-25,"SNDK News Updated Wednesday, December 24, 2014 8:59:26 PM SUNE ARNA AMGN SNE"
2014-12-27,Our Penny Stock Pick On RGMI Is Up 271.62% In 4 Days! Get Our Next Pick Early:  CMCSA INTC AMGN
2014-12-28,"Weekly Wrap-Up: BA, HES, GILD, PCLN, AMZN, GPRO, PCLN, CMG, RL BA HES GILD PCLN AMZN GPRO CMG RL AMGN SPX"
2014-12-29,TLT 20+ Year Trsy Bond Ishares (TLT) 125.30 +0.89 (+0.72%) AMGN XLB SLV
2014-12-30,"ADXS CYTX AMGN VSCI IMGN ADMP ARGS MEIP THLD OPK MSTX RPTP OGEN XNPT XON HALO ZIOP APHB FCSC
 Lookin for Movers!"
2014-12-30,"LLTC Last Price Updated Tuesday, December 30, 2014 00:59:23 AM AMGN XLP COP IYZ"
2014-12-31,"Real-Time feed of company contracts, original agreements and executive updates from Amgen AMGN"
2015-01-05,RT :  staff back approval of Novartis'  version of Amgen's Neupogen  NVS AMGN
2015-01-05,"RT : Amgen, Kite Pharma Forge 1 Billion+ Cancer Immunotherapy Pact  KITE AMGN   …"
2015-01-05,"RT : KITE AMGN 
Amgen and Kite Pharma Announce Strategic Cancer Immunotherapy Collaboration to Advance the Applic..."
2015-01-07,"CGRW Stock Forum Updated Wednesday, January 7, 2015 5:11:21 PM UUP SDRL AMGN GM"
2015-01-07,"NVS Sandoz Sigrid Balser:We have quite some extensive postmarketing experience w/  (European name for ) 
   AMGN"
2015-01-07,RT : Novartis clears an FDA hurdle with its pioneering biosimilar.  by  NVS AMGN
2015-01-07,"'s Christl:  app from NVS Sandoz requests biosimilar but not interchangeable
  AMGN"
2015-01-08,Our Penny Stock Picks Gained Over 968% In 5 Weeks! Get our next pick early:  CMCSA INTC AMGN
2015-01-13,RT :  Presenting At The J.P. Morgan  Conference: Day 2 ACAD ALKS AMGN
2015-01-13,"penny stocks, NYSE, and NASDAQ trades from the stock market today. +296% last week.   AMGN AU ACI ANV"
2015-01-13,RT : AMGN isn’t paying MD Anderson 100M upfront like XON ZIOP are. Just sayin…
2015-01-14,RT : 2015 Preview: Big biotech exits  on a roll – where to from here?  AMGN BIIB CELG GILD
2015-01-14,AMGN Portfolio Playoffs Conference Championship Game: Home Depot Vs. Amgen
2015-01-15,yeah tough to say  - they got their bump on the AMGN deal so this could be anti-climactic
2015-01-16,URBN Buzz AMGN UVXY AAPL LATF NFLX
2015-01-19,"penny stocks, NYSE, and NASDAQ trades from the stock market today. +296% last week.  AMGN AU ACI ANV"
2015-01-21,Our Penny Stock Pick On IJJP Moved Up As Much as 50% And Closed Up 35% Today! Big News:  CMCSA INTC AMGN
2015-01-23,"ABBV AMGN BMY News: ""What Lessons Has Express Scripts Taught Us? The Future…""  Board view:"
2015-01-25,"AMGN URI:

Moving Stocks: Amgen Inc. (NASDAQ:AMGN), United Rentals ...:"
2015-01-26,"RT : Earnings Calendar 
MSFT CAT AMGN AAPL YHOO 
FB LVS ALXN BA BABA CELG 
AMZN BRCM DECK V WYNN MA"
2015-01-26,"well spent GILD “: REGN SNY  Alirocumab BLA Accepted for Priority Review PDUFA 07/24/2015 one month ahead of AMGN"""
2015-01-27,Amgen AMGN Stock Rises in After-Hours Trading Today on Fourth-Quarter Earnings Beat
2015-01-27,5/5 Big earnings AH have been a +ve surprise. Look for a +ve sentiment in markets on open tom'w. AAPL AMGN Y EA
2015-01-27,"RT : AMGN reports after the close, Estimize Consensus +0.11 EPS and +35.30M Revs compared to WS"
2015-01-27,"RT : AMGN 4Q14 Earnings PR


Slides


2015 Key Milestones"
2015-01-27,"RT : T3 Live Daily Recap: The Map To Nowhere

SPY GS AXP IBB BIIB AMGN AAPL GPRO NFLX AMZN PCLN"
2015-01-27,"RT :  AMGN  reports Q4 EPS 2.16, consensus 2.05
Reports Q4 revenue 5.33B, consensus 5.2B"
2015-01-28,"DIS Stock Forum Updated Wednesday, January 28, 2015 06:11:20 AM ERF FWDG AMGN COP"
2015-01-28,lets dream AMGN together
2015-01-28,"AMGN News: ""Earnings Update: Invest In Amgen For The Dividend And Pipeline…""  Board view:"
2015-01-30,AMGN Amgen looks really good here especially when Billionaire Activist Dan Loeb owns a billion worth and said AMGN is worth 250 a share
2015-02-03,Potential Amgen AMGN Trade Has 2.56% Downside Protection (  )
2015-02-05,"Pfizer to buy Hospira for 15 billion to boost copycat drug business. PFE, HSP, AMGN."
2015-02-06,"MO Stock Price Updated Friday, February 6, 2015 1:11:16 PM VLO VTI GLD AMGN"
2015-02-07,RT : MT; my biosimilars 2014 review &amp; 2015 outlook;  NVS HSP PFE EPRS AMGN LLY MNTA MRK TEVA CC …
2015-02-10,RT : Dan Loeb Long AMGN GREK FANUY GREK  Q4 Letter
2015-02-11,FDA Approval of MS Drug Puts Ampligen Back In Play  HEB GILD AMGN BIIB DVAX NVAX CVS WAG COST WMT MNKD GE
2015-02-16,"AMGN Your tweet has been featured on the newest market analytics app, Market Parse, for iPhone."
2015-02-16,"EWG Opinions Updated Sunday, February 15, 2015 11:03:27 PM FANG ACAD SWRF AMGN"
2015-02-17,Numerous Catalysts For Codexis  AMGN GSK MRK CDXS
2015-02-19,"XLE Percent Change Updated Thursday, February 19, 2015 09:07:14 AM AMGN SRNE SH BABA"
2015-02-20,"RT : Been out of the ,  loop this week? Catch up with the Friday Five...  REGN AMGN SNY G…"
2015-02-20,In which I call BS on the dire CVS predictions on PCSK9s.  REGN SNY AMGN PFE
2015-02-22,"RT : Nasdaq -- then and now

Notice big differences in P/Es and the composition

AAPL FB AMZN GILD AMGN GOOGL MSFT"
2015-02-26,"AMGN 4th drug candidate for SHPT gets to PH3. Well done, fighting against cash out predictions. Still have plenty to go"
2015-03-02,"AMGN in ABC Bullish Pattern, Targets"
2015-03-02,"View today's  news covering NVS, GSK, AMGN, Kyprolis, JNJ, Takeda, Velcade, Gilead Sciences, Natco Pharma …"
2015-03-02,AMGN - Phase 3 Head-to-Head ENDEAVOR Study Demonstrates Superiority Of Kyprolis® (carfilzomib) Over Velcade®
2015-03-02,RT : AMGN says its study found Kyprolis had double PFS vs Velcade in relapsed  patients: 18.7 months vs 9.…
2015-03-03,AMGN Stock Buy-backs Trend
2015-03-06,chartguy89: AMGN Amgen Inc.: AMGN 159.60 Amgen Inc Stock Charts AMGN Last
2015-03-06,RT : Novartis wins landmark approval for a biosimilar of Amgen's Neupogen.  by  NVS AMGN
2015-03-06,NVS wins approval for first U.S.  drug - AMGN seeking to block launch |
2015-03-06,AMGN Earnings and Revenue per Employee Trends
2015-03-06,"AMGN News: ""FDA clears first biosimilar  NVS AMGN …""  Board view:"
2015-03-09,"Top sentiment for SP1500 stocks at +midday: AA,VRX,SNPS,CROX,AMGN (2015/03/09)"
2015-03-10,Logging into LIVE  CHAT right now at   AMBA AMGN ECIG TLT TSLA TVIX
2015-03-10,"BIIB, CELG, AMGN, REGN, ALXN Assets Trend Comparison"
2015-03-10,RT : Amgen is canning 300 Onyx staffers in the latest biopharma purge.  by  AMGN
2015-03-11,&lt;-- MAKE MILLIONS WITH STOCK TRADING MARKETING PROFITLY PRODUCTS YOU ALREADY LOVE! DRL EYES OPK AMGN TCPI
2015-03-11,AMGN - Cellectis: Finding Value In A Crowded CAR-T Space
2015-03-11,RT : AMGN Amgen cutting 300 Onyx jobs 19 months after merger:  (Scrip subscribers)
2015-03-12,"AMGN:US Amgen : To Cut About 300 Jobs, Close Onyx San Francisco Facility  INC"
2015-03-14,"AMGN Company Info Updated Friday, March 13, 2015 12:07:30 PM XLE IMSC AA GLD"
2015-03-15,"RT : REGN 10-K: Languages regarding FDA's concerns about PCSK9 Neurocognitive AEs.
SNY AMGN"
2015-03-15,"RT : PCSK9 inhibitors from Amgen, Sanofi, Regeneron lower cardiovascular risk in studies  AMGN SNY REGN #…"
2015-03-15,3  Crushing The Market In 2015 BIIB AMGN IBB XBI BIB BBC SPY
2015-03-15,"BIIB, CELG, AMGN, REGN, GILD Assets Trend Comparison"
2015-03-15,"REGN 10-K: Languages regarding FDA's concerns about PCSK9 Neurocognitive AEs.
SNY AMGN"
2015-03-15,"RT : AMGN says PCSK9 inhibitor Repatha reduced cardiovascular events, lowered LDL cholesterol by 61% vs standard of care"
2015-03-16,AMGN Revenue is Accelerating --&gt;
2015-03-16,RT : AMGN REGN SNY Low LDL / total cholesterol &amp; risk of intraparenchymal hemorrhage
2015-03-16,"Stocks Trending Now:  

AT TNA AMGN GGAL CCL SBUX TLT VTI VTI XLY AKAM REGN ~"
2015-03-17,"GERN Tick

Click Here: 

Also See: MU AMGN JRJC AMBA ~"
2015-03-17,": U.S. stocks rise broadly, as euro slows rapid descent toward parity   AMGN"
2015-03-18,AMGN Revenue and Operating Margin Trends
2015-03-19,US district court dismisses Amgen's petition to block the launch of Neupogen biosimilar Zarxio  NVS AMGN
2015-03-19,Hot Biotech Juno Therapeutics Burning Through Cash   via   JUNO KITE AMGN BLCM PFE
2015-03-20,RT : Judge Denies Amgen’s Request to Block Novartis’s Biosimilar of Neupogen AMGN NVS
2015-03-20,Zephyr: *DJ AMGN Amgen Seeks Japan OK LDL Cholesterol-Lowering: Zephyr
2015-03-20,Right now AMGN is number 150 for the largest percentage gain out of 250 stocks. AMGN AMGN is up +11.53% in th
2015-03-20,Setups I liked today that we'll be watching Monday. TRIP ACCO DQ AAL CELG MEIP AMGN CALA   More with charts.
2015-03-20,GOOGL TVIX AMGN GPRO AKS ACT SNY ENVI BIDU MA  20150320 12:00:03:730
2015-03-20,: Judge rejects request to stop Novartis selling biosimilar of Neupogen. More about Amgen  AMGN
2015-03-21,AMGN R&amp;D and Operating Margin Trends
2015-03-21,"VTI Stock Message Board Updated Friday, March 20, 2015 11:03:18 PM GDXJ REGN AMGN EEM"
2015-03-22,ICYMI: 9 important things you need to know about   medications:  SNY REGN AMGN By
2015-03-22,RT : ICYMI: 9 important things you need to know about   medications:  SNY REGN AMGN B…
2015-03-23,“: ViewPoints: Novartis lands first blow in  legal case  NVS AMGN ”
2015-03-23,"BIIB, CELG, AMGN, GILD, REGN Book Value Trend Comparison"
2015-03-24,"GRCU Filings Updated Monday, March 23, 2015 8:59:21 PM AMGN GS ASTI KMI"
2015-03-26,"AMGN:

Amgen Upgraded at Vetr Inc. (AMGN):"
2015-03-26,"RT : New Poll Finds Bay Area Biotech Workers Convinced 2015 Holds More Job Cuts, As Amgen AMGN Bolts  …"
2015-03-27,"RT : View today's  news: AMGN, Roche, AZN, GSK, ABBV, BIIB, Takeda, WHO, Sanofi, Quadracel, CNAT, emricasan"
2015-03-29,"AMGN Free Cash Flow is Expanding. 
Chart:"
2015-03-29,RT : Oppenheimer: 3   And 2  Stocks To Buy Now AMGN ANTM BSX
2015-03-31,"BIIB BMY AMGN:

Healthcare Hedge Fund Orbimed's Top Picks And New Move:"
2015-03-31,PPCH Gained As Much As 1005% Within 3 Days! Market News:  CMCSA INTC AMGN
2015-03-31,Amgen has lost another round in its battle to fend off a biosimilar rival  AMGN NVS
2015-03-31,RT : Amgen has lost another round in its battle to fend off a biosimilar rival  AMGN NVS
2015-04-01,AMGN - Statement of Changes in Beneficial Ownership (4)
2015-04-01,"Madhavan Balachandran EVP, Operations Sells 1,334,331 Worth of AMGN Amgen Inc. -   -"
2015-04-02,&lt;-- MAKE MILLIONS WITH STOCK TRADING MARKETING PROFITLY PRODUCTS YOU ALREADY LOVE! DRL EYES OPK AMGN TCPI
2015-04-08,AMGN - Chasing - And Surviving - Today's Income Storm
2015-04-08,Interview with Connor Bruggeman SchoolTrader Extraordinaire!:  NFLX HIMX INO AMGN GOOGL
2015-04-08,"RT : Biotech related | nHod (11:35) 
INCY CELG BLUE XNPT 
ACHN THRX JAZZ TGTX 
IBB BIB XON AMGN ESPR 
CEMP BLCM …"
2015-04-09,"AMGN AMGN up -0.03% percent Today AMGN Stock High is at 161.80 and the Low 159.50 with current volume of 522,224."
2015-04-10,"FMCC Financials Updated Friday, April 10, 2015 3:03:25 PM EWY IJJP AMGN GAWK"
2015-04-11,"RT :  I'm long a few liquid ITM 3mo-1yr options: BA TWTR WBA AMGN ABBV. bought IBB calls at close, 340."
2015-04-12,Platinum Members Saw Penny Stock Picks Gain Over 1400% In 4 Months! Go Platinum:  CMCSA INTC AMGN
2015-04-13,"RT :  NDAs 
VRTX FDA AdCom 5/12
KYTH NDA ATX101 5/13
PTX NDA TREXIMET 5/14
AMGN NDA for AML 5/19
SLXP …"
2015-04-15,AMGN FDA approves its Corlanor to treatment of heart failure. Activist Dan Loeb is  holder
2015-04-15,Our Penny Stock Alert On OSLH Yesterday Closed Up 64%! Get Our Next Pick Early:  CMCSA INTC AMGN
2015-04-15,RT :  approves AMGN's Corlanor (ivabradine) to reduce hospitalization from worsening heart failure.
2015-04-16,Amgen wins a much-needed FDA OK for heart drug ivabradine.  by  AMGN
2015-04-16,"AMGN MA:

Hot Stock List : SanDisk Corp. (NASDAQ:SNDK), Amgen Inc ...:"
2015-04-16,AMGN - Amgen Announces Webcast Of 2015 First Quarter Financial Results
2015-04-16,RT : Amgen wins a much-needed FDA OK for heart drug ivabradine.  by  AMGN
2015-04-17,"AMGN - Amgen's ""Overweight"" Rating Reiterated at Piper Jaffray (AMGN)"
2015-04-18,"AMGN:

Amgen's ""Overweight"" Rating Reiterated at Piper Jaffray (AMGN):"
2015-04-19,"NEM Opinions Updated Saturday, April 18, 2015 7:10:46 PM AMGN SQQQ MCP MINE"
2015-04-19,"BIDU Reviews Updated Sunday, April 19, 2015 4:03:07 PM EBAY AMGN GDXJ SNDK"
2015-04-19,"AMGN Reviews Updated Sunday, April 19, 2015 01:59:22 AM AFAM EA GE CAT"
2015-04-20,A few more of interest: AMBA ADXS AAL AMGN AMZN ARIA ARRY ASHR
2015-04-20,AMGN
2015-04-21,AMGN received a new alert. Find out why at          544
2015-04-21,RT : Afterhours earnings movers: YHOO CMG AMGN YUM
2015-04-21,Our Penny Stock Alert On OSLH Gained 97% In 3 Days! Big News:  CMCSA INTC AMGN
2015-04-22,RT : Today's Market: Tech And Biotech Stocks In The News  ALU AMGN AUDVF BABA BAMXY BUNL BUNT DD…
2015-04-22,RT : Setups for Wednesday  other stocks to watch AAPL SONS YHOO BABA VLTC KO BA AMGN PRGO MY…
2015-04-22,AMGN - Amgen PT Raised to 187.00 at Leerink Swann (AMGN)
2015-04-22,"View today's  Daily News Round-Up Video: Perrigo, Roche, BI, Spiriva, Pradaxa, AMGN, Enbrel, Prolia, Mylan"
2015-04-22,"RT : AMGN,  up big after hours on good earnings, AMGN is Billionaire Dan Loeb's Biggest Position!"
2015-04-23,S&amp;P100  Trend MA BK MCD ABT QCOM BMY V ABBV MS AMGN GOOGL IBM VZ EMC USD AAPL KO MDT  @
2015-04-25,"AKRX stock Market Cap

Click Here: 

Also See: AMGN LJPC BBG DNR

   ~"
2015-04-27,"RT : SNTA new CEO, has led licensing and merger-and-acquisition transactions valued at more than 8B with partners GSK AMGN P…"
2015-04-27,""" IBB top 10 holdings (no particular order) so far today MYL VRTX AMGN BIIB ALXN BMRN CELG REGN GILD ILMN"""
2015-04-28,AMGN:US Amgen Ticks All The Boxes For A Perfect Investment  INC
2015-04-29,AMGN Amgen  Daily:0.07% Weekly:-3.54% YTD:2.55% Trend:34 / 100
2015-04-29,AMGN - Statement of Changes in Beneficial Ownership (4)
2015-04-29,NEW insider transaction on AMGN reported a moment ago:
2015-05-01,Our Stock Pick On THCZ Is Up 587.69% From Our Initial Release! Major News:  CMCSA INTC AMGN
2015-05-01,Our Penny Stock Picks Gained 1472% In 2 Months! Get Access To Our New Picks Early:  AMGN TEVA CMCSA
2015-05-02,"RT : No. "": Have biotech stocks hit bottom?  IBB
 BIIB AMGN"""
2015-05-02,Since your tweet was sent AMGN has dropped -4.708%. See your featured tweet on Market Parse
2015-05-02,"XIV Filings Updated Saturday, May 2, 2015 03:11:02 AM SDRL AMGN CMG SMH"
2015-05-03,Since your tweet was sent AMGN has dropped -1.353%. See your featured tweet on Market Parse
2015-05-04,"SID Companhia Siderurgica Nacional, SA Stock Forum
Click Here -&gt; 

Trending SID UNH ABC AMGN …"
2015-05-08,Lawsuits continue to delay NVS's .  AMGN doubles down on delay tactics.
2015-05-08,chartguy89: AMGN -0.66% Stock Charts AMGN Amgen Inc.
2015-05-09,Outstanding close of the week. MCD AMGN closed for very nice gains. Have a good weekend!
2015-05-10,"AMGN:

Amgen's Buy Rating Reaffirmed at Goldman Sachs (AMGN):"
2015-05-10,"AMGN Amgen, Inc. Quotes
Click Here -&gt; 

Trending AMGN FSC FSL XPH"
2015-05-11,"AMGN Amgen, Inc. EOD Data
Click Here -&gt; 

Trending AMGN APRU VRX EWD"
2015-05-11,Our Penny Stock Newsletter Picks Gained 1472.4% In 2 Months! Big News:  CMCSA INTC AMGN
2015-05-11,"IGRW Interactive Health Network Stock Message Board
Click Here -&gt; 

Trending IGRW G.TO FSLR AMGN …"
2015-05-12,"AMGN Amgen, Inc. Last Trade
Click Here -&gt; 

Trending AMGN MYEC XLP VTEQ"
2015-05-12,Best Russell 1000 Healthcare Stocks According To A Very Useful Ranking System: A Look At Amgen  AMGN
2015-05-14,UWTI AMGN MSFT KO STX PEP UGAZ WMT EARN M  20150514 08:00:06:280
2015-05-14,RT : Multiple Myeloma approval timeline and  abstract presentations    JNJ BMY ABBV AMGN
2015-05-15,"AMGN Amgen, Inc. News
Click Here -&gt; 

Trending AMGN SVXY TROW TNA"
2015-05-15,"RT : View today's  Daily News Round-Up Video: Takeda, AMGN, AMG 334, Actavis, SRNE, Cynviloq, MRK,  GLKQY"
2015-05-16,"SMTC Semtech Corp. Short Sales
Click Here -&gt; 

Trending SMTC QUNR AMGN XLY"
2015-05-16,"FCX Freeport-McMoRan, Inc. Message Board Posts
Click Here -&gt; 

Trending FCX AMGN HON CTIX  …"
2015-05-17,"AMGN Amgen, Inc. Shares
Click Here -&gt; 

Trending AMGN NHTC RSX XBI"
2015-05-17,: FRO Frontline Ltd. Day Low Click Here -&gt;  Trending FRO ALL USLV AMGN
2015-05-17,"AMGN Amgen, Inc. Market Cap
Click Here -&gt; 

Trending AMGN V XOM KBE"
2015-05-20,"AMGN Amgen, Inc. Filings
Click Here -&gt; 

Trending AMGN IYR YFI.V SH"
2015-05-20,"AVEO AVEO Pharmaceuticals Inc. Ideas
Click Here -&gt; 

Trending AVEO AMGN TZA VPOR"
2015-05-22,"AMGN:

Amgen Receives Positive CHMP Opinion For Use Of Repatha ...:"
2015-05-22,AMGN ends collaboration with AZN on brodalumab b/c of events of suicide ideation &amp; behavior
2015-05-22,Amgen terminates brodalumab co-development deal with AstraZeneca  AMGN AZN
2015-05-22,"RT : Analysts’ Downgrades for May, 6th AMGN, ARTC, BCS, CRAY, CRZO, CTCT, DPZ, DRE, EWG, EXAR"
2015-05-22,RT : That's a pretty broad patient population for evolocumab. Bodes well for June US adcom? AMGN SNY REGN
2015-05-22,"MO Altria Group Inc. Ex-Div Date
Click Here -&gt; 

Trending MO TOWN AMGN CSUN"
2015-05-23,"RT : AMGN Amgen, Inc. Stock Message Board
Click Here -&gt; 

Trending AMGN KYTH DXJ JJC  …"
2015-05-23,"RT : AMGN drops Brodalumab, IL-17 partnership; Solidifying NVS front runner position 4 their IL-17, secukinumab (Cosentyx) ap…"
2015-05-25,AMGN - The Best Business Model in Biotech
2015-05-25,Weekly S&amp;P100  Trend EMR GS AAPL GILD GE LLY SBUX EBAY AIG CAT BAC C MET AMGN FB ABBV  @
2015-05-26,"AMGN active, relative volume: 4.93, 1H, 11:00 AM,  NDX SPY"
2015-05-26,"WMT Wal-Mart Stores, Inc. Dividend


WMT WMT AMGN BIDU"
2015-05-26,AMGN - The Best Business Model in Biotech
2015-05-28,"MO Altria Group Inc. Quotes


MO FV AMGN CLB"
2015-05-28,JPMorgan Chase &amp; Co. Reaffirms Neutral Rating for Amgen AMGN
2015-05-29,"AMGN Amgen, Inc. Stock Message Board


AMGN JNJ WMT BIDU"
2015-05-29,"AMGN Amgen, Inc. News


AMGN TLT V KMX"
2015-05-29,"WMT Wal-Mart Stores, Inc. Financials


WMT AMGN UNG NXPI"
2015-05-29,"AMGN - SELL Signal at 157.35 on May 28, 15 By YaMasuta, FREE Algorithmic Trading Software"
2015-05-30,"AMGN Amgen, Inc. Chart


AMGN CRUS CSCO XLF"
2015-05-30,Our Pick On PPCH Gained As Much As 400% For Subscribers So Far! Huge News:  CMCSA INTC AMGN
2015-05-31,"SWKS Skyworks Solutions Inc. Bid


SWKS SPR AMGN TXN"
2015-05-31,"DD DuPont Co. Investor Opinions


DD AMGN IDCC JACK"
2015-05-31,"PTX Pernix Therapeutics Holdings, Inc. % Change


PTX AUMN AMGN NFLX"
2015-06-01,"JPM J.P. Morgan Chase &amp; Co. Prev Close


JPM AMGN CCO UNGS"
2015-06-01,"SPLK Splunk Inc. Dividend
  

SPLK AMGN TIP T"
2015-06-01,"NWBO Northwest Biotherapeutics, Inc. % Change


NWBO GILD AMGN XIU.TO"
2015-06-01,"PHOT Growlife Inc. Chart


PHOT XCO AMGN PAYC"
2015-06-01,"CJTF Gold &amp; Silver Mining of Nevada Inc. Ask


CJTF GLD GLD AMGN"
2015-06-02,"XIV VelocityShares Daily Inverse VIX Short Term ETN % Change


XIV WMIH AMGN LVS"
2015-06-02,"AMGN Amgen, Inc. Bid Size


AMGN MA POT TMV"
2015-06-02,"ABC AmerisourceBergen Corp. Quotes


ABC AMGN AAL AAPL"
2015-06-03,AMGN received a new alert. Find out why at          310
2015-06-06,"AMGN is rated BUY, 14.5% upside by Wall Street analysts based on average ratings/targets"
2015-06-07,"AMGN Amgen, Inc. Market Cap


AMGN OVAS XLE DATE"
2015-06-07,"CLDX Celldex Therapeutics Inc. E.P.S.


CLDX PMCB AMGN TWTR"
2015-06-08,"XRT SPDR S&amp;P Retail Index Ex-Div Date


XRT SWKS AMGN XLV"
2015-06-08,"It would be bad for SNY, REGN, and AMGN! And good for PFE."
2015-06-08,RT : Briefing Document for 6/10/15/ FDA AdComm Meeting on AMGN's  REPATHA ()
2015-06-09,"FDX FedEx Corp. Last Price


FDX JD AMGN TRQ"
2015-06-09,"SPXS Direxion Daily S&amp;P 500 Bear 3X Shares Ask


SPXS IFON ITW AMGN"
2015-06-09,"ICYMI:Repatha review not quite Praluent mirror; dosing stands out 
 
AMGN SNY REGN"
2015-06-10,"RT : ESPR (-15.4% pre) Esperion, Amgen AMGN Shares Weaken Post-Market After Praluent Gets FDA Backing"
2015-06-10,Our Stock Pick On PPCH Has Gained Over 122% In The Past 2 Weeks! Major News:  CMCSA INTC AMGN
2015-06-10,Forbes : RT matthewherper: My AMGN FDA Panel live blog. Check back for updates!    …
2015-06-10,"RT : FDA adcom votes 11-4 in support of approval of AMGN's Repatha, now discussion as to which patient populations REGN SNY"
2015-06-10,"RT : Once again, the panel is going against approval in broad indications -- maybe even more so than y-day. AMGN"
2015-06-10,"AMGN active, relative volume: 7.77, 1H, 2:00 PM,  NDX SPY"
2015-06-10,"BIS ProShares UltraShort NASDAQ Biotechnology Ask


BIS NXPI AMGN AXP"
2015-06-11,"AMGN Amgen, Inc. Exchange


AMGN UNG AMBA HEDJ"
2015-06-11,"AMGN:

Nomura Holdings Maintains Buy on Amgen Inc. Following FDA ...:"
2015-06-11,Great coverage! Another example of the imprtance of  in  AMGN's access strategy is critical
2015-06-11,"COP ConocoPhillips % Change


COP ERX AMGN ABBV    Corcept Therapeutics Inc.…"
2015-06-11,"RT : AMGN ""votes"" by indication: 12-3 for HeFH; 8 to 7 for high risk CV disease with statins; 4 for statin intolerant... htt…"
2015-06-11,"3,500% Gains In 8 Months &amp; More Stock Picks On The Way! Subscribe Here To Get Them Early:  CMCSA INTC AMGN"
2015-06-11,"FB Facebook, Inc. Volume


FB DRN AMGN AA"
2015-06-12,"RT : PCSK9 panels: Nissen's take 
 
  AMGN SNY REGN PFE"
2015-06-12,"IBB Biotech iShares Day High


IBB TLT AMGN SDS"
2015-06-12,[Señal Twitter EN] AMGN -
2015-06-13,Isis Pharmaceuticals: Another Regeneron (Or Even Better) In The Making?  ALNY AMGN AZN BAYRY BIIB CELG GSK
2015-06-14,"NEWM Stock Price Updated Sunday, June 14, 2015 02:10:46 AM ACE SGMS HAR AMGN"
2015-06-14,AMGN Report Card -&gt;
2015-06-15,"EUM ProShares Short MSCI Emerging Markets Yield


EUM ACAD AMGN UA"
2015-06-15,"BABA Alibaba Group Holding Ltd. Filings


BABA AMGN EGHT BGNN"
2015-06-15,"SMN Direxion Daily S&amp;P 500 Bull 3X Shares Stock Forum


SMN TQQQ CYBR AMGN"
2015-06-15,AMGN GILD are Longs.
2015-06-15,AXON SAGE RGEN AMGN AMRN What You May Have Missed in Biotech: 100M for Antibiotics and Postpartum Depression
2015-06-15,"RT : FNMA Federal National Mortgage P/E Ratio


FNMA FWDG AMGN _Q"
2015-06-16,"TPAC Financials Updated Tuesday, June 16, 2015 02:10:40 AM AMGN ABT C AVOP"
2015-06-17,"EWJ Japan iShares 52Wk High


EWJ AMGN BBRY ABAX"
2015-06-18,RT : Biotech ETFs Hit New 2015 Highs AMGN GILD IBB QQQ XLV SBIO TAN
2015-06-18,"RT : HJOE Horizons BetaPro NYMEX Natural Gas Bull Plus ETF Summary


HJOE AMGN JNUG CNC  …"
2015-06-20,"CVX Chevron Corp. P/E Ratio


CVX AXDX AMGN INUV"
2015-06-20,"AMGN Amgen, Inc. Prev Close


AMGN CTRP CLVS CWB"
2015-06-20,"GLD SPDR Gold Trust Shares Summary


GLD AMGN MRO CEMP"
2015-06-21,"UUP ProShares Ultra VIX Short-Term Futures ETF Open


UUP TCK/B.TO DWRE AMGN"
2015-06-22,"C Citigroup, Inc. Financials


C FNMA AMGN UGAZ"
2015-06-24,"AMAG AMAG Pharmaceuticals, Inc. E.P.S.


AMAG DIA CDE AMGN"
2015-06-25,"RT : IYT iShares DJ Transportation Average Index Fund E.P.S.


IYT LVGI CELG AMGN   …"
2015-06-25,"AAPL AMAT AMGN AMTD AMZN ATVI Trade long or long+short positions from the , up to 1500% since 2010. …"
2015-06-25,"EWH HongKong iShares Market Cap


EWH AMGN TASR BND"
2015-06-26,"VALE Short Sales Updated Friday, June 26, 2015 01:59:24 AM LXRX EBR SSYS AMGN"
2015-06-28,"AMGN Amgen, Inc. Tick


AMGN FNMA DNAX VDSI"
2015-06-28,"AMGN - SELL Signal at 158.02 on Jun 26, 15 By YaMasuta, FREE Algorithmic Trading Software"
2015-06-28,"KBE SPDR KBW Bank Index ETF Bid


KBE AMGN RUSL MA"
2015-06-29,SUTI Has Now Seen 400% Gains In The Past 2 Weeks! Special Update:  AMGN TEVA CMCSA
2015-06-29,: NFLX Nike Inc. Open  NFLX HGD.TO AMGN SWY.TO
2015-06-29,"AA Alcoa, Inc. Company Info


AA UPRO ILMN AMGN"
2015-06-29,"AMGN Amgen, Inc. Shares


AMGN NOAH FEYE ITB"
2015-06-30,RT : Watch list video for June 30th: GMCR AMGN WATT CBLI CYBR BLRX TROV CLD
2015-07-03,"AMGN Amgen, Inc. Ex-Div Date


AMGN HTZ XLU ANY"
2015-07-03,"DNRG Dominovas Energy Corp. Financials


DNRG XLU PNP.TO AMGN"
2015-07-05,"RT : BTU Peabody Energy Corp 

AMGN BABA FV TVIX  ADRO FEYE PHM.V DXJ   B…"
2015-07-07,"AAPL AMAT AMGN AMTD AMZN ATVI Trade long or long+short positions from the , up to 1500% since 2010.  QQQ"
2015-07-09,"RT : REGN downgraded to sell, AMGN to neutral at UBS"
2015-07-09,"RT : After Entresto, maybe innovation?  NVS CYAD AMGN AGN TRVN MRK"
2015-07-10,"MCRB Seres Therapeutics, Inc. Market Cap


MCRB AMGN DDD PEP"
2015-07-10,"FNMA Federal National Mortgage Shares


FNMA SCTY NVAX AMGN"
2015-07-10,"POETF POET Technologies Inc. Ask Size


POETF FSLR AMGN INTC"
2015-07-10,"AMGN Amgen, Inc. Investor Opinions


AMGN COP JPM SLV"
2015-07-10,"XLB Percent Change Updated Thursday, July 9, 2015 7:06:56 PM SMN BABA AMGN PVSP"
2015-07-10,"GILD Gilead Sciences, Inc. Current Price


GILD AMGN BX DRT.TO"
2015-07-11,"CVX Chevron Corp. Filings


CVX ARIA AMGN NFLX"
2015-07-11,"ANAC Anacor Pharmaceuticals Inc. Stock Forum


ANAC GOOGL GDX AMGN   …"
2015-07-12,"SUNE SunEdison, Inc. Investor Opinions


SUNE SOHU EA AMGN"
2015-07-13,Our Stock Pick On PPCH Is Up Over 300% Since Our Original Release At .02! Huge News:  CMCSA INTC AMGN
2015-07-13,Potential Amgen AMGN Trade Targets 7.06% Return (  )
2015-07-15,"TWTR Twitter Inc  

MTLS XLY BABA CBYL   MCK ANY CAF AGQ  PG AMGN PRKR BNS.TO"
2015-07-15,Our Stock Pick On GEQU Nearly QUADRUPLED In Value In Less Than 2 Weeks! Major News:  CMCSA INTC AMGN
2015-07-16,RT : AMGN Announces Positive BLINCYTO (blinatumomab) Phase 2 Trial Results
2015-07-16,AMGN - Amgen Announces Positive BLINCYTO® (blinatumomab) Phase 2 Study Results In Patients With
2015-07-16,RT : AMGN Announces Positive BLINCYTO (blinatumomab) Phase 2 Trial Results
2015-07-16,"After Members Saw 400% Gains In 3 Weeks, We Are Releasing a MASSIVE new pick tomorrow:  CMCSA INTC AMGN"
2015-07-16,Our Pick On GEQU gained 400% for subscribers! New Pick Coming Tomorrow! Big News:  CMCSA INTC AMGN
2015-07-16,"GILD SPDR Gold Trust Shares Yield


GILD MYEC AMGN YELP"
2015-07-16,"TWTR Twitter Inc 
 
  GOOG VALE AMGN GOOGL    SINA ACRX UMPQ AXP  LLY NKE CMCSA MDLZ"
2015-07-16,RT : Why This Biotech ETF Keeps Surging   biotechnology BBP ANAC CELG RCPT AMGN BIIB GILD REGN
2015-07-17,reports positive preliminary results on  drug  AMGN |
2015-07-18,Interactive Chart -&gt;      AMGN Cash from Operations is Expanding.
2015-07-20,"RT : Alirocumab headed for a likely approval, pdufa on Friday. Maybe Repatha as well?
SNY REGN AMGN"
2015-07-20,"XLF Financials Select Sector SPDR 52Wk High


XLF MS SALT AMGN"
2015-07-21,Our Penny Stock Pick On GEQU Is Up Over 416% In The Past 3 Weeks! See Our Next Pick Early:  CMCSA INTC AMGN
2015-07-21,No pricing info from AMGN yet --
2015-07-21,Federal Circuit AMGN NVS Sandoz  ruling
2015-07-21,"AMGN Amgen, Inc. % Change


AMGN DRYS MBLY BBRY"
2015-07-22,"AMGN Amgen, Inc. Shares


AMGN FB KO UNH"
2015-07-22,"AMGN Top news - Jul 22nd, 2015 AMGN"
2015-07-22,RT : ICYMI: 's first-in-class cholesterol-lowering therapy Repatha approved in EU  AMGN
2015-07-23,"NFLX Netflix 

GOOG VALE AMGN GOOGL   SINA ACRX UMPQ AXP  LLY NKE CMCSA MDLZ"
2015-07-24,"NERV Minerva Neurosciences, Inc. News


NERV AMGN LYB JNJ"
2015-07-24,"adding RXDX PIRS GILD AMGN DOW ESPR MACK CPIX EPRS LOXO GS DOW KRNY MRNA

subtracting ZBIO"
2015-07-25,"VNQ Vanguard REIT VIPERs Last Price


VNQ NVAX ABX AMGN"
2015-07-25,"CREE Cree, Inc. Change


CREE JAZZ AMGN DNRG"
2015-07-25,"FEYE FireEye Inc. Company Info


FEYE XLI AMGN UNG"
2015-07-25,"Our Platinum Subscribers Saw Their Stock Alerts Gain 4,000% In 10 Months! Subscribe Today:  CMCSA INTC AMGN"
2015-07-27,Goes to all time highs &gt; 166. AMGN
2015-07-27,Scan results - 180 Bullish Setup today: TEVA CTLT LOGM BLDR AMGN THOR ANIP SRNE OPHT VRX ...
2015-07-29,"AGN Allergan plc Day Low


AGN DIS HYG AMGN"
2015-07-29,"AMBA Ambarella, Inc. Ex-Div Date


AMBA AMGN AAPL SCTY"
2015-07-29,"XLB Materials Select Sector SPDR Message Board Posts


XLB X AMGN ASHR"
2015-07-29,"CRM Cisco Systems, Inc. Stock Forum


CRM XLP AMGN EWJ"
2015-07-30,"pm
AMGN DECK FEYE LNKD
BRCM EXPE EA KLAC
NGVC OUTR PTCT SGEN
*Japan Econ Reports

am
STX CBOE XOM RCL"
2015-07-30,"170+ co earnings tomorrow 
AMGN BRCM LNKD EA EXPE DLR FEYE FLR SAM SYNA DECK DGI WBMD WWWW YRCW SKUL etc"
2015-07-31,"AMGN Amgen, Inc. EOD Data


AMGN IWM SVM IVN.TO"
2015-07-31,"RDSB.L Royal Dutch Shell B Filings


RDSB.L ZIOP GOOGL AMGN .L"
2015-07-31,"INTC Intel Corp. 52Wk High


INTC SH AMGN NAT"
2015-08-01,"DXJ Electronic Arts, Inc. Tick


DXJ ABX.TO AVXL AMGN"
2015-08-01,"AMGN Amgen, Inc. Shares


AMGN BIIB LANC KO"
2015-08-03,"SANM Sanmina Corp. Day High


SANM AMGN RSP XLY"
2015-08-03,"AMGN Amgen, Inc. Open


AMGN HZNP KIE OIL"
2015-08-03,"PJP PowerShares Dynamic Pharmaceuticals Portfolio News


PJP AMGN GOOGL GG"
2015-08-05,05 Aug 2015: Uptrend Stocks in Healthcare AMGN BCR BDX DGX HSP MDT SYK VAR WAT XRAY
2015-08-06,"SHAK Shake Shack     

GOOG VALE AMGN GOOGL    SINA ACRX UMPQ AXP  LLY NKE CMCSA MDLZ"
2015-08-06,"MBLY Methode Electronics, Inc. Summary


MBLY AMGN XOM DRV"
2015-08-07,UNIS - Did you miss that?  Probably.  Plus Griffin's change to neutral  PFE AZN SNY BIOD PODD MRK AMGN
2015-08-07,"GRCU Green Cures &amp; Botanical Distribution Inc. Message Board Posts


GRCU PM AMGN TZA"
2015-08-07,"HOD.TO Horizons BetaPro NYMEX Crude Oil Bear Plus ETF Investor Opinions


HOD.TO AMGN THLD XLE .TO …"
2015-08-07,"SH ProShares Short S&amp;P 500 Fund Company Info


SH RAD AMGN NAT"
2015-08-08,S&amp;P100  Performance AXP FOXA AMGN EXC EBAY TWX BK SO SPG ALL V DIS MA ACN ORCL AIG  more@
2015-08-08,"DDD 3D Systems Corp. Market Cap


DDD TZA AMGN DIA"
2015-08-08,"NEM Financials Updated Saturday, August 8, 2015 06:07:11 AM XBI AMGN KGC TASR"
2015-08-08,IBB Possible ST Top  AMGN GILD BIIB FBT and so on....
2015-08-10,"Shaken, Not Stirred: Is The 'Biotech Bubble' Beginning To Burst?  IBB AGIO AMGN CELG CL DIA GILD ICPT ISIS"
2015-08-10,Recent Analysts’ Ratings Changes for Amgen AMGN
2015-08-12,"DXJ News Updated Wednesday, August 12, 2015 07:07:03 AM DEWM PFE DUST AMGN"
2015-08-17,"The Future of ImmunoOncology is More than Meets the Eye..
KITE JUNO AMGN HALO CLLS LBIO ADAP BLCM XON BLUE"
2015-08-18,"RT : Most Phase III Trials ➞   
-
1 PFE 
5 CELG
5 AMGN
8 GILD
9 REGN
10 BIIB
17 JAZZ"
2015-08-18,ESPR is a clear example of mispricing that occurs in the market  … … REGN SNY AMGN PFE
2015-08-19,RT :   AMGN Amgen  Daily:1.23% Weekly:-0.47% YTD:7.16% Trend:56 / 100
2015-08-19,RT : The Small-Cap Biotech Sector In Focus  IBB XBI EGRX GILD AMGN CELG
2015-08-19,Follow  100 traders &amp; track their tweets under one watchlist AMGN QCOM
2015-08-23,8 Large Cap Pharma Biotech with Great Fundamentals and Golden Cross GILD AMGN
2015-08-23,"RT :  I'm all for it. It was getting hard to find good,cheap stocks to buy. I want AMGN and ILMN cheaper. 52wk lows wo…"
2015-08-24,"RT : AMGN NVS Sandoz saw Fed Circuit's  July ruling as glass half-empty &amp; seek a rehearing
 
…"
2015-08-24,RT : GILD BIIB CELG AMGN REGN — biotech’s “safe havens” — unbelievably ugly this morning.
2015-08-24,"GOOGL News: ""Gilead's Pipeline, Part 3, With Summary Comments ABBV AMGN BIIB …""   Anal…"
2015-08-25,"RBC Biotech correction healthy, presents someopportunities..here's some thoughtsAMGN BIIB CELG GILD VRTX BMRN"
2015-08-26,"HD Home Depot, Inc. Last Price


HD AMGN P XLI"
2015-08-26,AMGN Amgen  Daily:-1.66% Weekly:-13.43% YTD:-8.37% Trend:0 / 100
2015-08-26,"XLV Health Care Select Sector SPDR Volume


XLV WBA AMGN HVU.TO"
2015-08-26,"PG Patient Home Monitoring Corp. Exchange


PG SWKS SCO AMGN"
2015-08-26,"SPXU ProShares UltraPro Short QQQ Current Price


SPXU AMGN SLB UPRO"
2015-08-26,"PFE Pfizer, Inc. Quotes


PFE VB AMGN DHI   .V Patient Home Monitoring Corp. Ask Size…"
2015-08-27,News release from  on AMGN Repatha approval:
2015-08-27,RT : Bristol-Myers is a suitable takeover target for Gilead -  GILD BMY RHHBY BIIB AMGN
2015-08-27,AMGN  () PDUFA day
2015-08-27,"NES Nuverra Environmental Solutions, Inc. Volume


NES AMGN CYBR GDX    Net Element…"
2015-08-27,"NES Nuverra Environmental Solutions, Inc. Tick


NES SBUX AMGN SCTY    Net Element…"
2015-08-30,"TNA Direxion Daily Small Cap Bull 3x Shares Volume


TNA QTMM AMGN CHIX"
2015-08-30,CELG vs. AMGN Head to Head
2015-09-01,AMGN:US Amgen Poised To Dominate A 32 Billion Biosimilar Market  INC
2015-09-01,"AMGN:

Raymond James Begins Coverage on Amgen (AMGN):"
2015-09-01,RT : My Bet’s Still On Biotech — 11 Stocks On Sale Today   SGYP  AVEO  HALO  PGNX  AMGN  BIIB  CELG  GILD  EGRX
2015-09-01,CELG vs. AMGN Head to Head
2015-09-01,AMGN - Valeant Strikes Psoriasis-Drug Pact With AstraZeneca -- Update
2015-09-01,RT : AMGN and NVS Collaboration For Alzheimer's Disease And Migraine Programs
2015-09-01,"AAPL AMAT AMGN AMTD AMZN ATVI Trade long or long+short positions from the , up to 1500% since 2010.  QQQ"
2015-09-02,Amgen's hold rating reiterated at Sanford C. Bernstein.  AMGN
2015-09-02,"AMGN NOVN.VX:

Court Decision Could Allow Novartis To Sell Copy of Amgen’s …:"
2015-09-02,Amgen's Results are Fighting Theoretical Market Headwinds AMGN
2015-09-02,IBB regained 200dma. Nice move on AMGN as well.
2015-09-05,AMGN:US Novartis unit to start selling copy of Amgen drug Neupogen  INC
2015-09-08,S&amp;P100  Performance AMGN CL WMT DOW TXN INTC MSFT UNP AAPL AMZN MS GM RTN ORCL BA  more@ …
2015-09-08,RT :  AMGN should buy AKBA asap. This cheap that makes more sense than partnering.
2015-09-08,"AMGN UNH KHC CMS:

Stocks Highlights: Amgen, Inc.(NASDAQ:AMGN), UnitedHealth …:"
2015-09-09,"AMGN Amgen, Inc. Yield


AMGN IBM UVXY CNY"
2015-09-09,"UCO ProShares Ultra DJ-UBS Crude Oil News


UCO EEM AMGN TCK/B.TO"
2015-09-10,Our Stock Alerts Are Seeing Huge Gains! Get Special Early Access To New Picks:  CMCSA INTC AMGN
2015-09-11,"XLU Utilities Select Sector SPDR Stock Forum


XLU AMGN VTAE TAN"
2015-09-14,"Our Stock Picks Have Gained Over 1,000% In 2 Months! See Our New Picks:  CMCSA INTC AMGN"
2015-09-15,"AMGN Amgen, Inc. Yield


AMGN ACRX GMF SH"
2015-09-20,CANF IF AMGN is buying this experimental drug for 1.5B then CAN-FITE takeover is a GUARANTEE 100+ or 1 BILLION
2015-09-22,"Got a bad feeling today, thinking the bottom may fall out of biotech. Sector needs  GILD or AMGN m/a announcement."
2015-09-22,Potential Amgen AMGN Trade Has 2.86% Downside Protection (  )
2015-09-22,"RT : Should  makers be allowed to stop patent dance mid-song? 
 
AMGN PFE  …"
2015-09-23,AMGN and AGN announce positive Ph3 results for  Avastin -- the biosim market is about to heat up
2015-09-23,The TDG Portfolio: Adding A Cheap REIT And A Unique Bank  AMGN AYR BEE CCL ESRT EWBC HON LHO SE SNR STOR
2015-09-23,UNIS - Getting the bum's rush   AMGN BDX BIIB BIOD COV DSKX GOOG BMY JNJ PG IMNP MRK RTRX RVP SNY PFE
2015-09-24,AMGN high open interest range is 145.00 to 152.50 for option expiration 09/25/2015.
2015-09-24,"TWTR Twitter, Inc. Day Low


TWTR TSLA AMGN HYG"
2015-09-25,"VZ Verizon Communications Shares


VZ AMGN COP FL"
2015-09-25,"TQQQ ProShares UltraPro QQQ Chart


TQQQ AUY FXE AMGN"
2015-09-25,"LQD Mobileye NV Change


LQD AMGN CRM SDRL    SPDR S&amp;P MidCap 400 Ideas…"
2015-09-25,"LQD Mobileye NV Change


LQD AMGN CRM SDRL    SPDR S&amp;P MidCap 400 Ideas…"
2015-09-25,"AMZN  Inc. Current Price


AMZN BLUE BRK/B AMGN"
2015-09-27,"HTHT iShares iBoxx High Yield Corporate Bond Fund Stock Forum


HTHT AMGN XLP TLT"
2015-09-27,"REGN Royal Gold, Inc. Shares


REGN NAT DIA AMGN"
2015-09-28,"AMGN active, relative volume: 3.71, 1H, 1:00 PM,  NDX SPY"
2015-09-28,"AU Yamana Gold Inc. Current Price


AU AMGN SKX HL"
2015-09-28,"Moody's:  pipelines improve, but   exposure also edges higher 
GILD AMGN LLY JNJ"
2015-09-28,"GE News: ""Bezek's Daily Briefing: Biotech Struggles, Catalonia To Secede? AMGN …""   Analyze:"
2015-09-28,"AMGN CELG GILD News: ""Bezek's Daily Briefing: Biotech Struggles, Catalonia To…""   Analyze:"
2015-09-28,"GE News: ""Bezek's Daily Briefing: Biotech Struggles, Catalonia To Secede? AMGN …""   Analyze:"
2015-09-29,"OIH Opinions Updated Tuesday, September 29, 2015 05:59:20 AM LEN AMGN LNG WMIH"
2015-09-29,"AMGN Amgen, Inc. Bid


AMGN XLP VRX JBLU"
2015-09-29,"FB Facebook, Inc. Tick


FB COP AMGN HD"
2015-09-29,"RJET Republic Airways Holdings Inc. 52Wk Low


RJET AMGN PIN GS"
2015-09-29,"CELG Celgene Corp. Quotes


CELG ENB.TO AMGN CVC"
2015-09-30,"CME CME Group Inc. Prev Close


CME BIDU AMGN ETP"
2015-09-30,Drug Company Stock Prices Are Bifurcating  ABBV AMGN HZNP SNY RTRX GILD AMAG ALXN CELG MYL VRX VRTX
2015-09-30,barronsonline: RT barronsstckblog: Biotech: Will Valuation End the Carnage?  via barronsonline BIIB AMGN GILD C…
2015-10-01,Amgen AMGN Showing Bearish Technicals With Support At 134.42 (  )
2015-10-02,"JNK Stock Forum Updated Thursday, October 1, 2015 7:11:36 PM SDS CSCO EA AMGN"
2015-10-02,"AMGN Amgen, Inc. Bid


AMGN DHI BAC XBI"
2015-10-02,"FCX Freeport-McMoRan, Inc. Volume


FCX AMGN RWM PG"
2015-10-03,3 struggling stocks to snag at a bargain QCOM AMGN SUNE
2015-10-05,"RT : ABBV AbbVie Inc. Ideas


ABBV BABA XLK AMGN"
2015-10-05,"UPRO United Technologies Corp. Market Cap


UPRO SUNE AMGN CRM"
2015-10-05,"AMGN Amgen, Inc. P/E Ratio


AMGN CLDX CSIQ FV"
2015-10-05,"CTLE Nano Labs, Corp. EOD Data


CTLE AMGN NG GVPIX"
2015-10-06,The Case For A Biotech-Bonds Barbell Strategy: Focus On Several Junior Biotech Stocks  AAPL ALNY ALXN AMGN
2015-10-07,"RT : BTE Baytex Energy Corp. Volume


BTE INTC AMGN MAS    Peabody Energy Corp. 52Wk…"
2015-10-07,"RT : Today's Biggest Movers Across the Large and Small of Biotech -  
AMGN CELG GNCA CTRV …"
2015-10-07,"BTE Baytex Energy Corp. Volume


BTE INTC AMGN MAS    Peabody Energy Corp. 52Wk Low…"
2015-10-07,"RT matthewherper: If someone tells you ESRX deal signals big market for REGN AMGN, don't believe it:  via Forbes"
2015-10-07,"RT : Hypothetical JNJ AMGN deal &gt; 25% stock, 25% premium"
2015-10-08,"AMGN GILD News: ""Biotech Sell-Off: Temporary, Or Here To Stay? AMGN AXON …""   Analyze:"
2015-10-08,"RY Royal Bank Of Canada Day Low


RY HZNP AMGN AMRN"
2015-10-09,"RT : CALM Cal-Maine Foods, Inc. % Change


CALM EDC AMGN SGLB"
2015-10-12,RT : AMGN New Data Show Greater Bone Mineral Density Gains With Prolia® (Denosumab)  via
2015-10-12,"AMGN Amgen, Inc. Quotes


AMGN TBEV ESP.TO CAAS"
2015-10-12,"CNY Market Vectors Renminbi/USD ETN Volume


CNY GS VXX AMGN"
2015-10-12,"RT : % Movers

CANF +20
BIOD +18
ESPR +17
AMDA +12
PSTG +10
OREX +6
REGN +4
EMC +3
AMGN +3

MHR -39
CAPN -14
UNXL -1…"
2015-10-12,AMGN - New Data Show Greater Bone Mineral Density Gains With Prolia® (Denosumab) Compared With Zoledronic Acid
2015-10-12,"GS Goldman Sachs Group, Inc. Last Trade


GS UPRO JDST AMGN"
2015-10-13,"RT : Biotech Digest: Superbugs, Acadia's Upside, Eli Lilly's Setback  ABT ACUR AEZS AKAO AMGN BI…"
2015-10-14,RT : CPXX 1.72 has Buy Rating w/ 18 Price Target at Roth Capital   AMGN AEGR DGX EPZM LLY BIIB CELG…
2015-10-14,"AMGN Amgen, Inc. Exchange


AMGN AMBA KORS FXI"
2015-10-14,"TLT Tesla Motors Inc. Ask


TLT RSG UUP AMGN"
2015-10-15,"UVXY ProShares Ultra VIX Short-Term Futures ETF Investor Opinions


UVXY AMGN TZA TBEV"
2015-10-15,"AMGN Amgen, Inc. Financials


AMGN NUGT GE NKE"
2015-10-16,Our Platinum Members Have Been Seeing MASSIVE Gains On Our Penny Stock Picks! Subscribe Today:  CMCSA INTC AMGN
2015-10-16,JBEM Bio picks. Make . Join/Read here:  AMGN.MX AMGN34.SA AMGN34F.SA AMPE
2015-10-19,"RT : Amgen’s Blincyto likely to get EMA nod in relapsed/refractory Ph-B-
ALL, but label may be more restrictive AMGN"
2015-10-19,Follow  100 traders &amp; track their tweets under one watchlist AMGN QCOM
2015-10-19,"AMGN CELG GILD News: ""Cowen: In  Earnings We Trust AEGR ALXN AMGN …""   Analyze:"
2015-10-20,Is Large Cap Biotech One Of The Few Market Sectors With An Attractive Valuation?  ABBV AMGN BIIB CELG IBB IBM
2015-10-20,Is Large Cap Biotech One Of The Few Market Sectors With An Attractive Valuation?  ABBV AMGN BIIB CELG IBB IBM
2015-10-20,AMGN high open interest range is 140.00 to 155.00 for option expiration 10/23/2015.
2015-10-21,"RT : Amgen: Apotex Lost Bet; Biosimilar Should Be Blocked 

AMGN    …"
2015-10-21,"JBLU JetBlue Airways Corp. P/E Ratio


JBLU UWTI RGLD AMGN"
2015-10-21,"RT : ICYMI: Amgen: Apotex Lost Bet; Biosimilar Should Be Blocked 
 
AMGN    …"
2015-10-22,Our 'Dividend House' DGI Portfolio Review: Time For Renovations?  ABT ALU AMGN BAX BXLT CBRL CCP D GILD
2015-10-23,"AMGN Amgen, Inc. 52Wk High


AMGN CRM CXR.TO QLD"
2015-10-23,"GEQU Has Increased Almost 20 TIMES In Value, For Our Subscribers! Huge News:  CMCSA INTC AMGN"
2015-10-23,"RT : US earnings highlights next week:
Tues AAPL, PFE, GILD, UPS, TWTR
Wed AMGN, MDLZ, WBA
Thurs MA, SBUX
Fri XOM, CV…"
2015-10-24,AMGN - You Mad Bro? These Giant Companies Might Pay Lower Tax Rates Than You!
2015-10-26,"RT : BABA JBLU TWTR AAPL LNKD
PNRA GILD AMGN GPRO NXPI
BWLD FFIV YELP FSLR DECK
CRUS SBUX BIDU SCTY EXPE"
2015-10-26,Amgen Breaks Above 200-Day Moving Average - Bullish for AMGN BBH
2015-10-26,Follow  100 traders &amp; track their tweets under one watchlist AMGN QCOM
2015-10-26,"RT : BABA JBLU TWTR AAPL LNKD
PNRA GILD AMGN GPRO NXPI
BWLD FFIV YELP FSLR DECK
CRUS SBUX BIDU SCTY EXPE"
2015-10-27,RT : AMGN FDA Approves IMLYGIC
2015-10-27,"GOOGL Alphabet Inc. Ex-Div Date


GOOGL AMGN XLU SRPT"
2015-10-27,"GNK Genco Shipping &amp; Trading Ltd. Day High


GNK AMGN PANW GOOG"
2015-10-27,even more so for AMGN.  Strategic to position against immunotherapy combos?
2015-10-27,Watch it Live Valeant Stock Crash with World Best Trader  VRX ACAD IBB BIIB AMGN APOL
2015-10-28,"AMGN is reporting today AMC, and is a potential signal for today . EPS est 2.37 Rev est 5.32B"
2015-10-28,Amgen AMGN Trading Near 164.93 Resistance Level (  )
2015-10-28,RT : upcoming  GPRO AMGN MA NXPI YELP BWLD ORLY NOK COP AET ALXN CRUS SHW
2015-10-28,"FB Facebook, Inc. Market Cap


FB EEM AMGN DIS"
2015-10-28,AMGN huge beat top and bottom
2015-10-28,RT : Top Earnings Wed 10/28 After the Bell: ABX AEM AMGN ATML CAVM CRUS ELLI FFIV FMC GPRO HBI IMAX INVN KS LNC…
2015-10-29,"AMGN active, relative volume: 6.37, 1H, 5:00 PM,  NDX SPY"
2015-10-29,Amgen: Q3 Review; Comments On Repatha And Corlanor Launches And On The Pipeline  GILD NVS REGN AMGN
2015-10-29,How did Amgen transform herpes virus into a treatment for ? It was far from easy via   AMGN
2015-10-29,we might to start to have lift off AGN PFE MYL PRGO TEVA LLY JNJ BAX GILD AMGN
2015-10-30,"AMGN active, relative volume: 18.44, 1H, 6:00 PM,  NDX SPY"
2015-10-30,"DYNV .01 on the offer, wow AMGN DRNK PZOO FZRO TSTS APDN COLM EXPE LNKD BIDU"
2015-10-30,"AMGN sentiment rise to: 0.67, change: +0.68, sdr: 1.32, 1H, 7:00 PM,  NDX SPY"
2015-10-31,William Blair Cuts FY2016 EPS Estimates for Amgen AMGN
2015-10-31,"Our Stock Alerts Gained Over 1,900% In 2 And A Half Months! See Our Special New Pick:  CMCSA INTC AMGN"
2015-10-31,"COP ConocoPhillips Last Price


COP XLK AMGN DPS"
2015-10-31,Jefferies Group Issues FY2018 Earnings Forecast for Amgen AMGN
2015-11-03,AMGN This Biotech Eyes One Goal: Cure. Cancer. Now.
2015-11-03,"☪😡NTR🔵L

OVAS 14⁂31 +0✡31 +2🔥21%
AMGN 162.63 +0.³² +0✌20%
🔻
GILD 109☯40 -0.20 -0.1∞%"
2015-11-03,"AMGN:

Noteworthy Biotech Stocks to Watch for: Amgen, Inc. (AMGN), Ariad …:"
2015-11-05,"GEQU Has Increased Almost 20 TIMES In Value, For Our Subscribers! Huge News:  CMCSA INTC AMGN"
2015-11-06,"GEQU Has Increased Almost 20 TIMES In Value, For Our Subscribers! Huge News:  CMCSA INTC AMGN"
2015-11-07,RT : AMGN This Biotech Eyes One Goal: Cure. Cancer. Now.
2015-11-07,"GOOG Alphabet Inc. - Class C Last Trade


GOOG C GDX AMGN"
2015-11-07,"AMGN Amgen, Inc. Last Price


AMGN MCD JD BAC     Inc.…"
2015-11-09,"AMGN active, relative volume: 4.61, 1H, 9:00 AM,  NDX SPY"
2015-11-10,Interesting move over at : Pay for performance deal with AMGN's Repatha:
2015-11-10,RT : Divergence In The Drug Biz: Pharma &amp;  Biotech   PFE AGN JNJ BIIB AMGN
2015-11-12,AMGN’s Humira  Advances in Phase III Clinical Trials
2015-11-12,"RT : AMGN BIIB CELG GILD ALXN

Short Sellers Run for Cover
From Major Biotechs (11/11/15)"
2015-11-13,Gilmo members: SS target AMGN is now just below its 50-dma - that now becomes your trailing stop...
2015-11-15,AMGN This Biotech Eyes One Goal: Cure. Cancer. Now.
2015-11-16,RT : My 30 Stocks For 30 Years: Q4 2015 Buys  ADP AMGN BDX CHD CL CMCSA COP COST CSX CVS DIS…
2015-11-16,"AMGN sentiment rise to: 0.63, change: +0.62, sdr: 1.01, 1H, 7:00 AM,  NDX SPY  … … … …"
2015-11-16,"FXF Currency Shares Swiss Franc Trust E.P.S.


FXF BHEL.IN FXI AMGN"
2015-11-17,"AMGN Company Info Updated Monday, November 16, 2015 7:07:12 PM HYG SUNE SMN XLY"
2015-11-18,"SMN ProShares UltraShort Basic Materials Bid


SMN UCO AMGN DFS"
2015-11-18,"RGLD Royal Gold, Inc. Quotes


RGLD DDD AMGN RSP"
2015-11-20,"HCP AMGN THC:

• These Stocks Are Too Expensive Now: HCP, Inc. (NYSE:HCP …:"
2015-11-23,"PFE ESRX ABBV GILD REGN AMGN:

CVS Makes Exclusive Deal to Cover Amgen’s Cholesterol Drug:"
2015-11-23,"GME News Updated Sunday, November 22, 2015 8:06:48 PM UUP CALM AMGN FMC"
2015-11-25,"StockWebTrading: AAPL AMAT AMGN AMTD AMZN ATVI Trade long and short positions from the , up to 190% since 2011. …"
2015-11-25,Takeda's 'breakthrough' Velcade heir wins early FDA approval in myeloma  jnj NVS AMGN CELG via
2015-11-26,"RT : Amgen Biosimilars Game On: Filing Chases AbbVie's Humira 

AMGN ABBV   …"
2015-11-26,Follow  100 traders &amp; track their tweets under one watchlist AMGN QCOM
2015-11-29,AMGN - Amgen Inc. Takes Aim at AbbVie Inc.
2015-12-01,RBC AMGN further subgroup analysis of Phase III Kyprolis ENDEAVOR and hosting event on 12/7 evening Kyprolis is clearly superior to Velcade
2015-12-01,AMGN CLVS Hearing Unconfirmed Market Chatter of Potential Amgen Interest in Clovis
2015-12-02,The AbbVie-Amgen fight is huge for drug costs  ABBV AMGN  via
2015-12-03,"AMGN Amgen, Inc. 52Wk Low


AMGN UVXY DIA UGAZ"
2015-12-04,RT : AMGN and MRK Announce Cancer Immunotherapy Collaboration For Patients With Non-Hodgkin Lymphoma
2015-12-04,Top  for   at market open: KR DIS MDT ZUMZ AMGN (2015/12/04)
2015-12-04,"Option Millionaires: nlightn: AMGN,...Amgen and Merck team up two cancer studies"
2015-12-04,SPY NDX Top Weighted 30 on both indices - not exactly bearish at the moment.  lead AMGN +3% nice!
2015-12-04,Britain's NHS advisor thumbs down on high cost of Alexion's Strensiq ALXN AMGN
2015-12-05,"AMGN Amgen, Inc. News


AMGN AMZN VXX GORO"
2015-12-05,"Amgen, Inc. AMGN Shares Up 3.7%"
2015-12-06,barronsonline: The value premium isn’t gone; it has relocated:  XOM GE WFC IWD MU GILD VIAB SMVLX AMGN PY…
2015-12-06,Follow  100 traders &amp; track their tweets under one watchlist AMGN QCOM
2015-12-07,"AMGN Percent Change Updated Sunday, December 6, 2015 10:59:19 PM IGV LUV EPD BMY"
2015-12-08,Follow  100 traders &amp; track their tweets under one watchlist AMGN QCOM
2015-12-10,Why AMGN Can Acquire GLPG
2015-12-10,"AMGN:US Apotex Biosimilar Notice To Amgen Is Mandatory, Judge Says  INC"
2015-12-11,"Premarket Biotech Digest: Opko Health's Upside, Raptor's RP103, Eli Lilly-Merck  AAAP ACOR AMGN ANIK AXON AZN"
2015-12-11,"ING Groep Lowers Position in Amgen, Inc. AMGN"
2015-12-11,AMGN: Wall Street analysts bullish on AMGN's earnings growth:
2015-12-14,"AMGN:US Saturna Capital Has 74,777,000 Position in Amgen, Inc. (AMGN)  INC"
2015-12-20,These 3 Stocks Will Lead The   2016 AMGN GILD ABBV Also SGYP VRX HZNP DVAX ANIP
2015-12-21,"BMY AMGN:

Market Movers: Philip Morris International, Inc. (NYSE:PM), Bristol …:"
2015-12-21,indeed - best we could expect for that asset in the short-term with AMGN recent EU + US approvals - no waiting 4 clinical
2015-12-21,RT : First sell-side response and defense to  wknd rumors AMGN REGN PFE
2015-12-23,Amgen AMGN – Analysts’ Weekly Ratings Changes
2015-12-23,Trading Strategies Partners:  AAPL NFLX QQQ SPY DJIA VZ GS INTC AA INTC NFLX GS JPM T MMM AMGN
2015-12-23,PKKFF up 95% on progress of 100M annual rev deal. 0.20 target AAPL AMGN XLK SPXU OIH SQQQ investors read
2015-12-24,The biosimilars are coming. But how long will it be till they can make their mark?:  SNY NVS AMGN ABBV
2015-12-24,"AMGN Amgen, Inc. Short Sales


AMGN XLB CALM XHB"
2015-12-25,"EXPE Opinions Updated Friday, December 25, 2015 11:06:30 AM XLV AMGN FCX C"
2015-12-25,"RT : BABA Alibaba Group Holding Ltd. Short Sales


BABA AMGN DD NUGT"
2015-12-28,Trading Strategies Partners:  AAPL NFLX QQQ SPY DJIA VZ GS INTC AA INTC NFLX GS JPM T MMM AMGN
2015-12-28,"RT : FXP Reviews Updated Sunday, December 27, 2015 7:10:43 PM ATVI URA AMGN TSLA"
2015-12-28,RT : Include These Biotech Stocks In Your Retirement Portfolio  AMGN GILD REGN
2015-12-28,RT : Indian Patents Controller Grants  to Amgen for its anti-GM-CSF mAb (Namilumab)   AMGN
2015-12-29,"AMGN Amgen, Inc. Tick


AMGN ITCI EFA ILMN"
2015-12-30,maybe you missed this AMGN MDGEF small but important buyout in oncolytic virus immunotherapies
2015-12-30,"NEM Netflix, Inc. Ask


NEM BAC AMGN TQQQ"
2015-12-30,"MTSI Micron Technology, Inc. Open


MTSI CMG AMGN UUP"
2015-12-30,Follow  100 traders &amp; track their tweets under one watchlist AMGN QCOM
2015-12-31,"AMGN Stock Price Updated Wednesday, December 30, 2015 9:11:04 PM AMGN CMRX ELTP SDS"
2016-01-03,"STX Seagate Technology Holdings, Inc. Chart


STX IWM NOK AMGN"
2016-01-04,RT : The Best 24 Stocks For 2016  AMGN AVT BHI CAR CBPO CFR CFX CINF CLR CNC COP CREE DB …
2016-01-04,RT : The Best 24 Stocks For 2016  AMGN AVT BHI CAR CBPO CFR CFX CINF CLR CNC COP CREE DB …
2016-01-04,RT : The Best 24 Stocks For 2016  AMGN AVT BHI CAR CBPO CFR CFX CINF CLR CNC COP CREE DB …
2016-01-04,RT : The Best 24 Stocks For 2016  AMGN AVT BHI CAR CBPO CFR CFX CINF CLR CNC COP CREE DB …
2016-01-06,Trend Changer Stocks: Uptrend  AA ADBE ADM ADP AEE AEP AET AIG AIV AMGN
2016-01-07,"RT : Amgen is Targeting a Blockbuster SOC Upheaval in Multiple Myeloma

AMGN JNJ  …"
2016-01-07,"RT : Amgen is Targeting a Blockbuster SOC Upheaval in Multiple Myeloma

AMGN JNJ  …"
2016-01-08,"EQIS Capital Management Has 3,466,000 Position in Amgen, Inc. AMGN"
2016-01-08,"AMZN Opinions Updated Friday, January 8, 2016 02:07:15 AM AMGN T MA GILD"
2016-01-08,"RT : Is Guardant Next in Line for a Big Pharma Suitor?

  PFE AMGN"
2016-01-11,"RT : Could a cholesterol-lowering drug be a potential treatment for ’s? | Scienmag

ESPR AMGN REGN PFE"
2016-01-11,"AGN Last Price


AGN FXC AMGN UVXY"
2016-01-12,"UA Under Armour, Inc. Last Price


UA SPXS AMGN XOM"
2016-01-12,"AMGN Amgen, Inc. Open


AMGN SLV COST SPXL"
2016-01-12,"Daiwa SB Investments Sells 1,659 Shares of Amgen, Inc. AMGN"
2016-01-13,"AYI Autozone Inc. Nevada Last Trade


AYI AMGN DWTI AA"
2016-01-14,They don't want you to have vaccines this month. AMGN   🔑
2016-01-14,They don't want you to get healthy this week. AMGN
2016-01-14,RT SeekingAlpha: DGI For The DYI: 2015 Recap  ABBV ABC AMGN COST CVS D GILD HD KMI LOW MCD MDP MDU MM…
2016-01-14,Amgen denied inter partes review of Abbvie patent claims ABBV AMGN: Full Story
2016-01-15,S&amp;amp;P100  Performance KMI OXY COP AMGN CELG CVX BIIB XOM DVN ABBV HAL AGN BMY CMCSA  more@
2016-01-15,On The Fly: Top stock stories for Friday INTC C WFC WMT WYNN ABBV AMGN SRPT GNC: Full Story
2016-01-15,Amgen downgraded by Vetr Inc. to buy. 171.02 PT.  AMGN
2016-01-15,RT : Patent office rejects Amgen petition against AbbVie patents  AMGN ABBV
2016-01-15,PTO shuts down Amgen's Humira IP challenge  AMGN ABBV  by
2016-01-16,"EWU United Kingdom iShares % Change


EWU AMGN XBI PSX"
2016-01-16,Follow  100 traders &amp; track their tweets under one watchlist AMGN QCOM
2016-01-17,"NUGT S&amp;P 100 Index Fund - iShares 52Wk High


NUGT AMGN CAB ADXS"
2016-01-17,"Amgen, Inc. AMGN Shares Sold by Daiwa SB Investments"
2016-01-19,"XIU.TO iShares CDN S&amp;P/TSX 60 Index Fund Shares


XIU.TO POT TNA AMGN .TO"
2016-01-20,"SUNE ProShares Short VIX Short-Term Futures ETF Filings


SUNE LUV UPRO AMGN"
2016-01-21,"well, yesterday IBB, AMGN led the way up, not participating at all today.  So beware."
2016-01-21,Amgen Takes Over  Spot From Cisco Systems AMGN CSCO
2016-01-21,AMGN OI for maturity 01/22/2016. 120.00 Highest put. 165.00 Highest call.
2016-01-21,"RT : REGN AMGN  FWIW, suicide issue was ""SAEs of interest"" during FDA review of Praluent(but not Repatha)"
2016-01-22,Ultimate Lessons From JP Morgan  Conference 2016 IBB AMGN
2016-01-22,RT : Key Points Amgen AMGN CEO Bob Bradway Made at
2016-01-22,"RT :  OK's AMGN's  combo to treat patients w/ relapsed/refractory 
 
…"
2016-01-23,RT TalkMarkets Ultimate Lessons From JP Morgan  Conference 2016 IBB AMGN
2016-01-25,"RT : MCD AAPL BA BIIB FB EBAY
PYPL VRTX LVS CRUS BABA
UA CAT CELG AMZN MSFT
EA AMGN SWKS FTNT STX"
2016-01-25,"AMGN BSUFA sept 25, f the PDUFA....BSUFA"
2016-01-28,AMGN
2016-01-28,"Big name earnings due to report after-market: AMZN, MSFT, V and AMGN"
2016-01-28,"AMZN (Amazon), AMGN (Amgen), MSFT (Microsoft), and EA (Electronic Arts) are set to report  after the bell."
2016-01-28,"RT : Big name earnings due to report after-market: AMZN, MSFT, V and AMGN"
2016-01-28,"Amgen Q4 Earnings
EPS 2.61 (est 2.29)
Revenue 5.54bln (est 5.53bln)
Boosts 2016 forecast

AMGN"
2016-01-28,"AMGN good  ...  AMZN bad  ...
but wait ...  trading at lowest PE in a decade are overvalued and AMZN is undervalued"
2016-01-28,"Bellecapital International Has 260,000 Position in Amgen, Inc. AMGN"
2016-01-29,"AMGN Earnings result is out. Check out next day hist price reaction, EPS &amp; Revenue Surprise."
2016-01-29,"AEP News Updated Friday, January 29, 2016 08:59:22 AM VNQ AMGN GDX IDRA"
2016-01-29,Wondering about  indicator for AMGN? The Short Ratio is 2.9%
2016-01-29,Your estimate for AMGN Q4 2015 has been scored –
2016-01-31,RT : I would take Lg Cap Biotech over FANG all day every day over next 3 years. IBB GILD AMGN FB GOOGL APPL NFLX htt…
2016-01-31,"1ST Source Bank Acquires 3 Shares of Amgen, Inc. AMGN"
2016-01-31,"AMGN:

Accident Compensation Corp Invests 8682000 in Amgen, Inc …:"
2016-02-04,: Announces Positive Top-Line Results From Phase 3 GAUSS-3 Trial Of Rep...  AMGN
2016-02-08,"RT : AMGN Blincyto w pos OS in P3 ALL but lots of SAEs: CRS, tumor lysis, infect'n, +ALT, +BILI etc. AFMD AFM11 ~100x higher a…"
2016-02-10,"Amgen, Inc. AMGN Price Target Cut to 185.00"
2016-02-13,( AMGN) : Mystery cannabis 'consortium' reportedly interested in Longmont's Amgen facili... Read more:
2016-02-13,"ADBE Adobe Systems, Inc. Investor Opinions


ADBE AMGN XBI TCK/B.TO"
2016-02-14,"AMGN  Inc. Current Price


AMGN XLF MYEC NWBO"
2016-02-15,"GILD Recent News Updated Monday, February 15, 2016 1:59:26 PM DIA AMGN NEM MNST"
2016-02-15,RT : Who Would Make a Good Suitor for Shield Therapeutics?  AMGN JNJ   …
2016-02-18,"AMBS Amarantus Bioscience Holdings, Inc. 52Wk High


AMBS AMGN UVXY XLF"
2016-02-18,AMGN Max Pain = 150.00. Maturity = 02/19/2016.  Previous close = 149.78.
2016-02-18,RT : Orbimed 13F. Top Holdings: BMY AMGN AGN BIIB ABBV CELG ALXN GILD
2016-02-20,"Coastline Trust Company Buys 940 Shares of Amgen, Inc. AMGN"
2016-02-20,"Coastline Trust Company Buys 940 Shares of Amgen, Inc. AMGN"
2016-02-21,"Meeder Asset Management Has 1,199,000 Stake in Amgen, Inc. AMGN"
2016-02-22,"Dowling &amp; Yahnke LLC Sells 87 Shares of Amgen, Inc. AMGN"
2016-02-22,Amgen: A Biiotech Buy &amp; Hold Story  AMGN
2016-02-22,"RT : RBC AMGN Positive new incremental growth driver: Phase III ""Romo"" bone data shows high efficacy,suggests 1B+ franchise not…"
2016-02-22,Not sure what to do with AMGN? Explore our  pros and cons.
2016-02-23,RT SeekingAlpha: Amgen Reports Several Positive Phase 3 Results: Analysis  ABBV ABT MRK RDUS AMGN
2016-02-23,Trading Strategies Partners:  AAPL NFLX QQQ SPY DJIA VZ GS INTC AA INTC NFLX GS JPM T MMM AMGN
2016-02-24,Follow  100 traders &amp; track their tweets under one watchlist AMGN QCOM
2016-02-24,"Trending  topics include GTXI, AMGN,    See more"
2016-02-25,"KSS Cheniere Energy, Inc. Day High


KSS AMGN M EUM"
2016-02-26,Unilife and  ( AMGN) Team Up for Injectable Drug Delivery Systems. Read more:
2016-02-26,"Capstone Asset Management Company Raises Stake in Amgen, Inc. AMGN"
2016-02-26,See how to  AMGN with the highest rated   :
2016-03-01,FLTX (15min) best trade today detected by custom  scan built last year…also gave AMGN short above 145
2016-03-03,if AMGN goes in this direction ... it says that Amphivena of AFMD holds great value imo
2016-03-03,Stock Update (NASDAQ: AMGN):  Submits Supplemental Biologics License Application For BLIN... Read more:
2016-03-07,"ZNH Short Sales
See Here ---&gt; 

ZNH CNHI AMGN"
2016-03-07,Huge  AMGN on the highest rated   &amp; training :
2016-03-07,"RT : Also in : Why doctors aren't picking a winner between new bone-builders from AMGN, RDUS -- yet."
2016-03-08,RT : Results On ITUS Bio Studies Expected ~ BULLISH   AMGN
2016-03-08,RT : Results On ITUS Bio Studies Expected ~ BULLISH   AMGN
2016-03-08,RT : Results On ITUS Bio Studies Expected ~ BULLISH   AMGN
2016-03-08,RT : Results On ITUS Bio Studies Expected ~ BULLISH   AMGN
2016-03-08,"( AMGN) is eyeing heftier deals, but so are its biggest rivals. Read more:"
2016-03-09,"AMGN HAL:

Top Stories: Amgen Inc. (NASDAQ:AMGN), INSYS Therapeutics, Inc …:"
2016-03-09,"ICYMI: Amgen: Sandoz Seeks To Circumvent Biosimilars Law

AMGN NVS"
2016-03-09,MARKET -  stock AMGN broke below swing low 140.04 from FEB 11 Bearsih Bias looking beloooooow
2016-03-11,AMGN Kyle Bass Coalition IPR review NOT INSTITUTED against challenged Amgen '522 Enbrel patent.
2016-03-16,"RT : REGN -- Jury rules in favor of AMGN in PCSK9 patent trial.  Permanent injunction hearing next, scheduled for March 23-24."
2016-03-16,"Doubt they will settle in near term. Bet REGN will appeal, while AMGN will press for injunction."
2016-03-16,Follow  100 traders &amp; track their tweets under one watchlist AMGN QCOM
2016-03-16,U.S. jury rules for  ( AMGN) over cholesterol drug patents. Read more:
2016-03-16,RT : Amgen (AMGN) just won the first battle in a cholesterol-drug patent war that could be worth hundreds of millions …
2016-03-16,U.S. jury rules for  ( AMGN) over cholesterol drug patents. Read more:
2016-03-17,"AMGN: 3 open, suited signals indicate continued price decrease beyond average holding times."
2016-03-17,RT : WIN a FREE Warrior PRO Bundle! | To enter  &amp; Sign up here:  | BUFF AMGN FCEL REGN LUV h…
2016-03-18,"RT : The IBB is tracking for its 2nd worst quarter »ever« 

This is how we got here:

GILD AMGN CELG BIIB REGN"
2016-03-18,Follow  100 traders &amp; track their tweets under one watchlist AMGN QCOM
2016-03-21,Follow  100 traders &amp; track their tweets under one watchlist AMGN QCOM
2016-03-21,Save 100 on Samsung Galaxy S7 at . Read more:  AMGN
2016-03-23,"Eagle Asset Management Inc. Reduces Position in Amgen, Inc. AMGN"
2016-03-23,"Chemung Canal Trust Co. Has 4,069,000 Stake in Amgen, Inc. AMGN"
2016-03-24,S&amp;P100  Performance ACN GILD AMZN CAT CELG AMGN CMCSA DIS IBM CVS MSFT WMT CSCO VZ  more@
2016-03-27,"FIT Chart
See Here ---&gt; 

FIT ADHD AMGN"
2016-03-28,"RT : Great chart from Bernstein's Gal comparing trial performances of CGRP mAbs for migraine ALDR, AMGN, LLY, TEVA"
2016-03-28,RT SeekingAlpha: Biotechnology Poised To Move Higher  ALXN AMGN BIIB BMRN CELG CLDX DVAX EGRX GILD IBB I…
2016-03-29,AMGN - Statement of Changes in Beneficial Ownership (4)
2016-03-29,AMGN - Statement of Changes in Beneficial Ownership (4)
2016-03-30,AMGN Max Pain = 147.00. Maturity = 04/01/2016.  Previous close = 149.49. bearish
2016-03-31,Medivation: Let the M&amp;A Speculation Begin  via  GILD MDVN AMGN AZN SNY
